TF,atr,mult_e,mult_t,mode,sesi,n,net,PF,WR%,avgR,maxDD,hijau,netSide,netBull,avgR_side
M15,7,1.2,-,direct,all,11141,-3000,0.92,33.6,-0.073,-3599,1/6,-2097,-903,-0.0985
M15,7,1.2,-,direct,asia,2368,614,1.09,36.0,-0.0583,-505,2/6,-327,941,-0.1037
M15,7,1.2,-,direct,ny,2792,-610,0.95,35.6,-0.0373,-878,1/6,-318,-292,-0.0463
M15,7,1.2,2.5,moderate,all,7697,-1096,0.96,33.3,-0.0528,-2475,2/6,-1711,615,-0.0837
M15,7,1.2,2.5,moderate,asia,1760,350,1.07,35.7,-0.0554,-633,2/6,-398,748,-0.1025
M15,7,1.2,2.5,moderate,ny,2053,-274,0.97,35.2,-0.0338,-756,3/6,-301,27,-0.0464
M15,7,1.2,2.5,conservative,all,4062,1131,1.08,33.7,-0.0373,-856,3/6,-620,1752,-0.0779
M15,7,1.2,2.5,conservative,asia,897,568,1.23,35.9,-0.0374,-315,2/6,-133,701,-0.103
M15,7,1.2,2.5,conservative,ny,1062,197,1.04,35.2,-0.0202,-472,4/6,-104,302,-0.0327
M15,7,1.2,-,buy_only,all,5570,-1101,0.94,34.7,-0.0431,-1245,2/6,-1105,3,-0.0902
M15,7,1.2,-,buy_only,asia,1159,-192,0.94,36.8,-0.0321,-420,2/6,-138,-53,-0.0885
M15,7,1.2,-,buy_only,ny,1371,-380,0.94,35.7,-0.0316,-469,1/6,-296,-84,-0.0771
M15,7,1.2,-,sell_only,all,5571,-1899,0.9,32.5,-0.1029,-3266,1/6,-992,-907,-0.1068
M15,7,1.2,-,sell_only,asia,1209,805,1.24,35.3,-0.0834,-483,2/6,-189,995,-0.1185
M15,7,1.2,-,sell_only,ny,1421,-230,0.96,35.4,-0.0427,-805,2/6,-22,-208,-0.0162
M15,7,1.2,3.8,moderate,all,6759,-1019,0.96,33.5,-0.0546,-2216,2/6,-1416,397,-0.0828
M15,7,1.2,3.8,moderate,asia,1504,-229,0.95,33.3,-0.1001,-871,1/6,-444,215,-0.144
M15,7,1.2,3.8,moderate,ny,1830,-78,0.99,35.9,-0.0292,-724,3/6,-325,248,-0.0572
M15,7,1.2,3.8,conservative,all,4595,774,1.05,33.7,-0.0463,-1076,2/6,-722,1496,-0.0805
M15,7,1.2,3.8,conservative,asia,1001,315,1.11,33.3,-0.1047,-552,2/6,-230,545,-0.1544
M15,7,1.2,3.8,conservative,ny,1155,599,1.12,36.0,-0.0077,-389,4/6,-175,774,-0.0518
M15,7,1.2,5.0,moderate,all,6371,-203,0.99,33.7,-0.0465,-1663,2/6,-1206,1002,-0.0793
M15,7,1.2,5.0,moderate,asia,1362,249,1.06,33.4,-0.0645,-468,2/6,-319,567,-0.1217
M15,7,1.2,5.0,moderate,ny,1718,241,1.03,37.1,-0.0123,-504,3/6,-197,438,-0.0463
M15,7,1.2,5.0,conservative,all,4906,669,1.04,34.0,-0.0443,-1000,3/6,-808,1477,-0.0815
M15,7,1.2,5.0,conservative,asia,1083,709,1.24,34.4,-0.0593,-308,2/6,-197,906,-0.1264
M15,7,1.2,5.0,conservative,ny,1218,180,1.04,36.1,-0.0051,-320,3/6,-206,385,-0.0472
M15,7,1.8,-,direct,all,6685,-1805,0.94,33.7,-0.0678,-2085,0/6,-1284,-521,-0.0877
M15,7,1.8,-,direct,asia,1515,351,1.07,35.5,-0.0598,-436,2/6,-304,655,-0.1046
M15,7,1.8,-,direct,ny,1835,160,1.02,36.6,-0.0133,-593,4/6,50,111,-0.011
M15,7,1.8,2.5,moderate,all,5468,-620,0.97,33.5,-0.0557,-2016,2/6,-1223,604,-0.0809
M15,7,1.8,2.5,moderate,asia,1291,107,1.03,34.0,-0.0761,-697,2/6,-389,496,-0.111
M15,7,1.8,2.5,moderate,ny,1578,116,1.01,37.5,-0.0307,-791,3/6,34,82,-0.0219
M15,7,1.8,2.5,conservative,all,2538,851,1.08,35.1,-0.0331,-663,2/6,-237,1088,-0.0569
M15,7,1.8,2.5,conservative,asia,580,618,1.34,38.1,-0.0376,-216,3/6,-100,718,-0.0913
M15,7,1.8,2.5,conservative,ny,822,-96,0.98,35.4,-0.0524,-626,3/6,-7,-89,-0.0382
M15,7,1.8,-,buy_only,all,3342,-152,0.99,35.7,-0.0285,-862,2/6,-583,431,-0.0795
M15,7,1.8,-,buy_only,asia,732,-176,0.93,36.9,-0.0474,-438,2/6,-214,38,-0.1204
M15,7,1.8,-,buy_only,ny,891,-225,0.95,36.3,-0.0129,-454,3/6,-53,-172,-0.0345
M15,7,1.8,-,sell_only,all,3343,-1653,0.89,31.8,-0.1072,-2307,1/6,-701,-952,-0.0959
M15,7,1.8,-,sell_only,asia,783,527,1.19,34.2,-0.0714,-424,3/6,-90,617,-0.0899
M15,7,1.8,-,sell_only,ny,944,385,1.08,36.9,-0.0137,-452,3/6,102,283,0.0116
M15,7,1.8,3.8,moderate,all,4529,-583,0.97,34.0,-0.0512,-1758,2/6,-1000,417,-0.0756
M15,7,1.8,3.8,moderate,asia,1064,-254,0.93,33.8,-0.0859,-829,1/6,-369,115,-0.1315
M15,7,1.8,3.8,moderate,ny,1353,-62,0.99,37.9,-0.0431,-982,2/6,-133,71,-0.0524
M15,7,1.8,3.8,conservative,all,2412,1379,1.13,34.7,-0.0241,-648,4/6,-161,1540,-0.0481
M15,7,1.8,3.8,conservative,asia,569,446,1.24,34.8,-0.0881,-316,3/6,-151,597,-0.1441
M15,7,1.8,3.8,conservative,ny,704,459,1.12,35.2,-0.0281,-666,2/6,-49,509,-0.0601
M15,7,1.8,5.0,moderate,all,4143,301,1.02,33.9,-0.0383,-1121,2/6,-670,971,-0.0587
M15,7,1.8,5.0,moderate,asia,900,-96,0.97,33.2,-0.0731,-549,2/6,-259,163,-0.1053
M15,7,1.8,5.0,moderate,ny,1254,369,1.06,38.3,-0.0156,-425,3/6,109,260,-0.0255
M15,7,1.8,5.0,conservative,all,2690,1514,1.13,34.5,-0.0256,-487,2/6,-238,1753,-0.0531
M15,7,1.8,5.0,conservative,asia,622,604,1.3,35.0,-0.0603,-259,2/6,-124,728,-0.1076
M15,7,1.8,5.0,conservative,ny,766,503,1.12,36.6,-0.0012,-347,3/6,107,396,-0.0129
M15,7,2.5,-,direct,all,4247,571,1.03,33.6,-0.0381,-1579,2/6,-869,1440,-0.076
M15,7,2.5,-,direct,asia,994,373,1.09,32.2,-0.0424,-420,2/6,-279,652,-0.1095
M15,7,2.5,-,direct,ny,1253,-494,0.93,37.1,-0.0467,-906,1/6,-296,-198,-0.0592
M15,7,2.5,2.5,moderate,all,4247,571,1.03,33.6,-0.0381,-1579,2/6,-869,1440,-0.076
M15,7,2.5,2.5,moderate,asia,994,373,1.09,32.2,-0.0424,-420,2/6,-279,652,-0.1095
M15,7,2.5,2.5,moderate,ny,1253,-494,0.93,37.1,-0.0467,-906,1/6,-296,-198,-0.0592
M15,7,2.5,2.5,conservative,all,4247,571,1.03,33.6,-0.0381,-1579,2/6,-869,1440,-0.076
M15,7,2.5,2.5,conservative,asia,994,373,1.09,32.2,-0.0424,-420,2/6,-279,652,-0.1095
M15,7,2.5,2.5,conservative,ny,1253,-494,0.93,37.1,-0.0467,-906,1/6,-296,-198,-0.0592
M15,7,2.5,-,buy_only,all,2123,976,1.09,35.6,0.0056,-560,3/6,-408,1384,-0.0658
M15,7,2.5,-,buy_only,asia,519,185,1.09,34.5,-0.0016,-406,4/6,-178,363,-0.0939
M15,7,2.5,-,buy_only,ny,604,14,1.0,37.3,-0.0333,-309,3/6,-177,191,-0.0893
M15,7,2.5,-,sell_only,all,2124,-406,0.96,31.5,-0.0818,-1920,1/6,-461,55,-0.0862
M15,7,2.5,-,sell_only,asia,475,188,1.08,29.7,-0.087,-469,1/6,-101,289,-0.1269
M15,7,2.5,-,sell_only,ny,649,-508,0.87,37.0,-0.0591,-939,2/6,-119,-389,-0.031
M15,7,2.5,3.8,moderate,all,3312,569,1.03,33.8,-0.0334,-1351,2/6,-687,1256,-0.0702
M15,7,2.5,3.8,moderate,asia,765,482,1.14,32.7,-0.021,-341,2/6,-236,717,-0.0961
M15,7,2.5,3.8,moderate,ny,1039,-911,0.86,37.2,-0.0674,-1276,1/6,-332,-579,-0.0794
M15,7,2.5,3.8,conservative,all,1390,1086,1.15,33.7,-0.0119,-846,2/6,-171,1257,-0.0395
M15,7,2.5,3.8,conservative,asia,310,525,1.41,32.6,-0.0233,-241,3/6,-49,574,-0.0778
M15,7,2.5,3.8,conservative,ny,471,-364,0.87,33.5,-0.0992,-810,1/6,-284,-80,-0.1266
M15,7,2.5,5.0,moderate,all,2924,912,1.06,33.5,-0.021,-895,2/6,-536,1448,-0.0519
M15,7,2.5,5.0,moderate,asia,601,612,1.22,32.9,0.0141,-415,3/6,-140,752,-0.0498
M15,7,2.5,5.0,moderate,ny,948,-428,0.93,37.3,-0.0461,-779,2/6,-209,-219,-0.0758
M15,7,2.5,5.0,conservative,all,1494,1144,1.15,34.3,-0.0033,-454,1/6,-103,1247,-0.0316
M15,7,2.5,5.0,conservative,asia,329,656,1.5,35.6,0.0486,-109,5/6,-13,669,-0.0212
M15,7,2.5,5.0,conservative,ny,470,-199,0.93,34.3,-0.0679,-672,1/6,-211,12,-0.101
M15,10,1.2,-,direct,all,11053,-2681,0.93,34.2,-0.0638,-3188,1/6,-2026,-655,-0.0886
M15,10,1.2,-,direct,asia,2276,389,1.06,35.9,-0.0537,-534,2/6,-278,667,-0.0926
M15,10,1.2,-,direct,ny,2930,-810,0.93,35.6,-0.0329,-880,1/6,-384,-426,-0.0426
M15,10,1.2,2.5,moderate,all,7660,-1373,0.95,33.5,-0.0516,-2385,2/6,-1754,381,-0.084
M15,10,1.2,2.5,moderate,asia,1672,157,1.03,35.6,-0.0725,-671,2/6,-384,541,-0.1241
M15,10,1.2,2.5,moderate,ny,2148,-725,0.92,35.1,-0.0306,-876,2/6,-309,-417,-0.0372
M15,10,1.2,2.5,conservative,all,3981,1108,1.08,34.1,-0.0414,-963,2/6,-684,1792,-0.084
M15,10,1.2,2.5,conservative,asia,833,536,1.23,35.2,-0.0785,-436,2/6,-226,762,-0.172
M15,10,1.2,2.5,conservative,ny,1102,-24,1.0,35.3,-0.0182,-396,4/6,-56,32,-0.0154
M15,10,1.2,-,buy_only,all,5526,-1019,0.95,35.1,-0.0347,-1175,2/6,-1096,77,-0.0827
M15,10,1.2,-,buy_only,asia,1112,-182,0.95,36.9,-0.0192,-441,2/6,-122,-60,-0.0763
M15,10,1.2,-,buy_only,ny,1447,-443,0.93,35.8,-0.0193,-541,2/6,-296,-147,-0.0613
M15,10,1.2,-,sell_only,all,5527,-1662,0.91,33.3,-0.0929,-3045,1/6,-930,-732,-0.0946
M15,10,1.2,-,sell_only,asia,1164,571,1.17,35.1,-0.0866,-498,2/6,-157,727,-0.1084
M15,10,1.2,-,sell_only,ny,1483,-367,0.94,35.3,-0.0462,-806,2/6,-88,-279,-0.0241
M15,10,1.2,3.8,moderate,all,6697,-1154,0.95,33.6,-0.0509,-2369,2/6,-1392,239,-0.0773
M15,10,1.2,3.8,moderate,asia,1410,-439,0.9,32.4,-0.0891,-782,2/6,-375,-64,-0.135
M15,10,1.2,3.8,moderate,ny,1914,-116,0.99,35.9,-0.0269,-704,2/6,-390,274,-0.0574
M15,10,1.2,3.8,conservative,all,4560,641,1.04,34.2,-0.0468,-1255,2/6,-786,1428,-0.082
M15,10,1.2,3.8,conservative,asia,975,258,1.09,33.0,-0.0972,-594,2/6,-232,490,-0.1554
M15,10,1.2,3.8,conservative,ny,1206,209,1.04,35.9,-0.013,-389,3/6,-224,432,-0.0611
M15,10,1.2,5.0,moderate,all,6309,-320,0.99,33.9,-0.0456,-1739,2/6,-1242,922,-0.0776
M15,10,1.2,5.0,moderate,asia,1276,213,1.06,33.8,-0.0676,-491,2/6,-341,554,-0.1305
M15,10,1.2,5.0,moderate,ny,1790,140,1.02,36.8,0.0027,-446,3/6,-141,280,-0.0256
M15,10,1.2,5.0,conservative,all,4878,686,1.04,34.6,-0.0393,-949,2/6,-739,1425,-0.0757
M15,10,1.2,5.0,conservative,asia,1047,476,1.16,34.2,-0.0667,-370,2/6,-219,695,-0.1325
M15,10,1.2,5.0,conservative,ny,1284,201,1.04,36.8,0.0212,-381,2/6,-40,240,-0.0108
M15,10,1.8,-,direct,all,6715,-1820,0.94,33.8,-0.0586,-1908,0/6,-1255,-566,-0.0752
M15,10,1.8,-,direct,asia,1452,25,1.0,35.3,-0.0541,-501,1/6,-307,332,-0.0898
M15,10,1.8,-,direct,ny,1927,51,1.01,37.1,-0.0056,-482,4/6,130,-79,0.0049
M15,10,1.8,2.5,moderate,all,5489,-910,0.96,33.4,-0.0519,-1642,1/6,-1304,394,-0.0806
M15,10,1.8,2.5,moderate,asia,1231,31,1.01,33.7,-0.0765,-743,1/6,-358,389,-0.1158
M15,10,1.8,2.5,moderate,ny,1645,-260,0.97,36.9,-0.0245,-597,3/6,16,-276,-0.0148
M15,10,1.8,2.5,conservative,all,2516,289,1.03,33.9,-0.0388,-588,2/6,-419,708,-0.0701
M15,10,1.8,2.5,conservative,asia,537,350,1.19,34.5,-0.0765,-304,2/6,-206,556,-0.1749
M15,10,1.8,2.5,conservative,ny,842,-444,0.91,35.0,-0.0529,-733,1/6,-13,-431,-0.0221
M15,10,1.8,-,buy_only,all,3357,-79,0.99,35.8,-0.0239,-855,2/6,-617,538,-0.0756
M15,10,1.8,-,buy_only,asia,711,-299,0.88,36.1,-0.0583,-376,2/6,-248,-51,-0.1344
M15,10,1.8,-,buy_only,ny,935,-141,0.97,37.5,0.0042,-545,3/6,-2,-138,-0.016
M15,10,1.8,-,sell_only,all,3358,-1741,0.88,31.8,-0.0933,-2408,0/6,-637,-1104,-0.0749
M15,10,1.8,-,sell_only,asia,741,324,1.12,34.4,-0.0501,-493,2/6,-59,383,-0.0456
M15,10,1.8,-,sell_only,ny,992,192,1.04,36.7,-0.0148,-397,3/6,133,59,0.0248
M15,10,1.8,3.8,moderate,all,4528,-959,0.95,33.2,-0.0461,-1661,2/6,-1069,109,-0.0676
M15,10,1.8,3.8,moderate,asia,975,-476,0.88,32.1,-0.0777,-901,1/6,-312,-164,-0.1107
M15,10,1.8,3.8,moderate,ny,1411,-7,1.0,37.2,-0.0437,-790,3/6,-168,160,-0.0559
M15,10,1.8,3.8,conservative,all,2415,1491,1.14,33.8,-0.0199,-603,4/6,-438,1929,-0.0601
M15,10,1.8,3.8,conservative,asia,542,287,1.16,33.4,-0.0752,-388,2/6,-166,453,-0.1256
M15,10,1.8,3.8,conservative,ny,732,354,1.09,35.2,-0.0324,-472,3/6,-155,508,-0.0869
M15,10,1.8,5.0,moderate,all,4140,-99,0.99,34.1,-0.0383,-1187,2/6,-813,714,-0.0618
M15,10,1.8,5.0,moderate,asia,818,182,1.06,34.4,-0.0453,-402,1/6,-225,406,-0.0886
M15,10,1.8,5.0,moderate,ny,1297,95,1.01,38.2,-0.0181,-422,3/6,12,83,-0.03
M15,10,1.8,5.0,conservative,all,2716,1333,1.12,34.5,-0.0193,-530,3/6,-352,1684,-0.0515
M15,10,1.8,5.0,conservative,asia,588,572,1.3,35.5,-0.0332,-244,2/6,-133,705,-0.0827
M15,10,1.8,5.0,conservative,ny,801,247,1.06,36.7,-0.0017,-348,3/6,49,199,-0.0112
M15,10,2.5,-,direct,all,4259,223,1.01,33.6,-0.0403,-1525,2/6,-999,1222,-0.0821
M15,10,2.5,-,direct,asia,939,19,1.0,32.9,-0.0603,-456,1/6,-263,282,-0.1203
M15,10,2.5,-,direct,ny,1305,-650,0.92,36.6,-0.0314,-1011,1/6,-172,-477,-0.0368
M15,10,2.5,2.5,moderate,all,4259,223,1.01,33.6,-0.0403,-1525,2/6,-999,1222,-0.0821
M15,10,2.5,2.5,moderate,asia,939,19,1.0,32.9,-0.0603,-456,1/6,-263,282,-0.1203
M15,10,2.5,2.5,moderate,ny,1305,-650,0.92,36.6,-0.0314,-1011,1/6,-172,-477,-0.0368
M15,10,2.5,2.5,conservative,all,4259,223,1.01,33.6,-0.0403,-1525,2/6,-999,1222,-0.0821
M15,10,2.5,2.5,conservative,asia,939,19,1.0,32.9,-0.0603,-456,1/6,-263,282,-0.1203
M15,10,2.5,2.5,conservative,ny,1305,-650,0.92,36.6,-0.0314,-1011,1/6,-172,-477,-0.0368
M15,10,2.5,-,buy_only,all,2129,834,1.08,35.3,-0.0008,-625,3/6,-422,1257,-0.0717
M15,10,2.5,-,buy_only,asia,495,37,1.02,34.1,-0.0521,-361,3/6,-191,228,-0.1332
M15,10,2.5,-,buy_only,ny,638,-2,1.0,37.0,0.003,-396,3/6,-31,29,-0.0371
M15,10,2.5,-,sell_only,all,2130,-611,0.95,31.9,-0.0798,-1972,1/6,-577,-34,-0.0925
M15,10,2.5,-,sell_only,asia,444,-18,0.99,31.5,-0.0694,-431,1/6,-72,54,-0.1062
M15,10,2.5,-,sell_only,ny,667,-648,0.85,36.1,-0.0643,-1012,1/6,-142,-506,-0.0365
M15,10,2.5,3.8,moderate,all,3303,141,1.01,33.3,-0.0342,-1502,2/6,-859,1000,-0.0672
M15,10,2.5,3.8,moderate,asia,676,-25,0.99,32.8,-0.0321,-364,2/6,-177,152,-0.0823
M15,10,2.5,3.8,moderate,ny,1076,-630,0.9,36.2,-0.0549,-937,1/6,-242,-388,-0.0689
M15,10,2.5,3.8,conservative,all,1366,1428,1.2,34.0,-0.0096,-810,1/6,-361,1789,-0.0595
M15,10,2.5,3.8,conservative,asia,267,-11,0.99,33.7,-0.0802,-376,1/6,-80,69,-0.1034
M15,10,2.5,3.8,conservative,ny,487,-364,0.88,32.9,-0.0758,-636,2/6,-278,-86,-0.1311
M15,10,2.5,5.0,moderate,all,2912,654,1.04,33.7,-0.0234,-962,2/6,-676,1330,-0.0644
M15,10,2.5,5.0,moderate,asia,521,669,1.28,34.0,0.0237,-267,4/6,-131,800,-0.0559
M15,10,2.5,5.0,moderate,ny,973,-502,0.92,37.9,-0.0283,-876,1/6,-110,-392,-0.0452
M15,10,2.5,5.0,conservative,all,1511,1636,1.2,34.9,0.0217,-366,4/6,-166,1802,-0.0326
M15,10,2.5,5.0,conservative,asia,294,585,1.5,37.4,0.0646,-121,4/6,12,574,0.0012
M15,10,2.5,5.0,conservative,ny,489,-127,0.96,35.2,-0.0259,-522,3/6,-157,30,-0.0539
M15,14,1.2,-,direct,all,10965,-1839,0.95,34.6,-0.0524,-2787,2/6,-1957,118,-0.0802
M15,14,1.2,-,direct,asia,2127,503,1.08,37.2,-0.0269,-400,2/6,-189,692,-0.067
M15,14,1.2,-,direct,ny,3065,-564,0.96,35.3,-0.0315,-853,2/6,-489,-74,-0.0499
M15,14,1.2,2.5,moderate,all,7627,-1302,0.95,34.0,-0.0453,-2237,2/6,-1807,504,-0.0767
M15,14,1.2,2.5,moderate,asia,1535,278,1.06,37.1,-0.0582,-605,2/6,-349,627,-0.1046
M15,14,1.2,2.5,moderate,ny,2234,-612,0.94,35.0,-0.0269,-804,2/6,-435,-177,-0.0386
M15,14,1.2,2.5,conservative,all,3954,1040,1.08,34.9,-0.0289,-719,2/6,-580,1620,-0.0643
M15,14,1.2,2.5,conservative,asia,775,388,1.18,37.5,-0.0568,-344,2/6,-158,546,-0.1188
M15,14,1.2,2.5,conservative,ny,1143,12,1.0,36.0,-0.0107,-361,4/6,-40,52,-0.006
M15,14,1.2,-,buy_only,all,5482,-530,0.97,35.4,-0.0267,-1221,2/6,-1011,481,-0.0773
M15,14,1.2,-,buy_only,asia,1034,-164,0.95,36.9,-0.0128,-402,3/6,-115,-48,-0.0746
M15,14,1.2,-,buy_only,ny,1528,-324,0.95,35.1,-0.0243,-442,2/6,-350,26,-0.0689
M15,14,1.2,-,sell_only,all,5483,-1309,0.93,33.9,-0.0782,-2688,1/6,-946,-364,-0.0832
M15,14,1.2,-,sell_only,asia,1093,667,1.21,37.4,-0.0403,-352,3/6,-74,740,-0.0597
M15,14,1.2,-,sell_only,ny,1537,-239,0.96,35.5,-0.0387,-659,2/6,-139,-100,-0.0305
M15,14,1.2,3.8,moderate,all,6635,-1057,0.95,33.8,-0.0439,-2146,2/6,-1364,308,-0.0713
M15,14,1.2,3.8,moderate,asia,1277,-264,0.93,34.2,-0.0546,-492,2/6,-243,-21,-0.0975
M15,14,1.2,3.8,moderate,ny,2000,-50,0.99,35.7,-0.0242,-798,2/6,-358,308,-0.0484
M15,14,1.2,3.8,conservative,all,4533,588,1.04,34.4,-0.0364,-1114,2/6,-709,1297,-0.0686
M15,14,1.2,3.8,conservative,asia,911,196,1.07,34.4,-0.0571,-434,2/6,-171,368,-0.112
M15,14,1.2,3.8,conservative,ny,1259,246,1.05,36.2,-0.0048,-286,3/6,-153,399,-0.0364
M15,14,1.2,5.0,moderate,all,6238,212,1.01,34.4,-0.0336,-1575,2/6,-1133,1345,-0.0685
M15,14,1.2,5.0,moderate,asia,1157,449,1.13,35.0,-0.0336,-372,2/6,-238,687,-0.1045
M15,14,1.2,5.0,moderate,ny,1852,306,1.04,36.6,-0.0008,-492,3/6,-214,520,-0.0396
M15,14,1.2,5.0,conservative,all,4848,1339,1.08,34.9,-0.0251,-896,2/6,-688,2028,-0.0666
M15,14,1.2,5.0,conservative,asia,970,650,1.23,35.8,-0.0277,-273,2/6,-145,795,-0.1004
M15,14,1.2,5.0,conservative,ny,1338,532,1.1,36.5,0.0202,-303,4/6,-106,638,-0.0307
M15,14,1.8,-,direct,all,6661,-1033,0.96,34.5,-0.0451,-1341,1/6,-966,-67,-0.0617
M15,14,1.8,-,direct,asia,1350,282,1.06,36.5,-0.0316,-427,1/6,-191,473,-0.0606
M15,14,1.8,-,direct,ny,2006,573,1.06,37.6,0.0123,-385,4/6,169,404,0.0123
M15,14,1.8,2.5,moderate,all,5472,-763,0.97,33.5,-0.0441,-1597,2/6,-1221,458,-0.069
M15,14,1.8,2.5,moderate,asia,1125,9,1.0,34.3,-0.0689,-713,1/6,-308,317,-0.0953
M15,14,1.8,2.5,moderate,ny,1713,-196,0.98,36.5,-0.0186,-569,2/6,-65,-131,-0.0193
M15,14,1.8,2.5,conservative,all,2493,487,1.04,34.9,-0.0133,-560,4/6,-177,664,-0.0316
M15,14,1.8,2.5,conservative,asia,493,232,1.13,35.3,-0.0551,-334,2/6,-107,339,-0.0855
M15,14,1.8,2.5,conservative,ny,873,-13,1.0,36.3,-0.0172,-493,3/6,-8,-6,-0.0183
M15,14,1.8,-,buy_only,all,3330,348,1.02,36.3,-0.011,-809,2/6,-452,801,-0.0626
M15,14,1.8,-,buy_only,asia,662,-151,0.94,38.1,-0.0224,-269,3/6,-122,-29,-0.0732
M15,14,1.8,-,buy_only,ny,973,-39,0.99,38.2,0.0181,-610,4/6,6,-45,-0.0067
M15,14,1.8,-,sell_only,all,3331,-1381,0.91,32.8,-0.0791,-2142,1/6,-514,-867,-0.0608
M15,14,1.8,-,sell_only,asia,688,433,1.16,35.0,-0.0405,-464,1/6,-69,502,-0.048
M15,14,1.8,-,sell_only,ny,1033,612,1.12,37.1,0.0068,-256,4/6,163,449,0.0305
M15,14,1.8,3.8,moderate,all,4483,-642,0.97,33.9,-0.0422,-1567,2/6,-954,312,-0.0644
M15,14,1.8,3.8,moderate,asia,864,-498,0.86,33.2,-0.0659,-711,1/6,-221,-278,-0.087
M15,14,1.8,3.8,moderate,ny,1462,337,1.05,37.9,-0.0228,-676,3/6,4,333,-0.028
M15,14,1.8,3.8,conservative,all,2405,1430,1.14,34.4,-0.0161,-652,3/6,-289,1719,-0.0504
M15,14,1.8,3.8,conservative,asia,496,154,1.09,33.5,-0.0659,-407,2/6,-142,296,-0.1022
M15,14,1.8,3.8,conservative,ny,749,649,1.17,36.6,0.0073,-421,4/6,34,615,-0.027
M15,14,1.8,5.0,moderate,all,4086,590,1.03,34.5,-0.0286,-1069,2/6,-651,1241,-0.0582
M15,14,1.8,5.0,moderate,asia,721,367,1.14,35.1,-0.031,-356,3/6,-137,504,-0.0632
M15,14,1.8,5.0,moderate,ny,1330,582,1.09,38.5,0.0097,-394,4/6,149,433,-0.0073
M15,14,1.8,5.0,conservative,all,2701,1746,1.15,35.2,-0.0101,-465,3/6,-312,2059,-0.0528
M15,14,1.8,5.0,conservative,asia,539,526,1.28,35.1,-0.027,-276,2/6,-99,625,-0.0529
M15,14,1.8,5.0,conservative,ny,826,766,1.19,38.3,0.0511,-420,5/6,187,580,0.029
M15,14,2.5,-,direct,all,4281,-97,1.0,33.4,-0.0471,-1594,2/6,-1224,1127,-0.0898
M15,14,2.5,-,direct,asia,853,104,1.03,33.5,-0.053,-487,1/6,-210,313,-0.0946
M15,14,2.5,-,direct,ny,1380,-771,0.91,35.9,-0.0386,-1089,1/6,-270,-501,-0.0463
M15,14,2.5,2.5,moderate,all,4281,-97,1.0,33.4,-0.0471,-1594,2/6,-1224,1127,-0.0898
M15,14,2.5,2.5,moderate,asia,853,104,1.03,33.5,-0.053,-487,1/6,-210,313,-0.0946
M15,14,2.5,2.5,moderate,ny,1380,-771,0.91,35.9,-0.0386,-1089,1/6,-270,-501,-0.0463
M15,14,2.5,2.5,conservative,all,4281,-97,1.0,33.4,-0.0471,-1594,2/6,-1224,1127,-0.0898
M15,14,2.5,2.5,conservative,asia,853,104,1.03,33.5,-0.053,-487,1/6,-210,313,-0.0946
M15,14,2.5,2.5,conservative,ny,1380,-771,0.91,35.9,-0.0386,-1089,1/6,-270,-501,-0.0463
M15,14,2.5,-,buy_only,all,2140,625,1.06,35.3,-0.0054,-727,3/6,-536,1161,-0.0733
M15,14,2.5,-,buy_only,asia,449,-174,0.92,34.1,-0.0815,-476,2/6,-212,38,-0.1405
M15,14,2.5,-,buy_only,ny,674,43,1.01,37.4,0.0162,-423,3/6,-66,109,-0.0296
M15,14,2.5,-,sell_only,all,2141,-722,0.94,31.5,-0.0888,-2021,1/6,-688,-34,-0.1064
M15,14,2.5,-,sell_only,asia,404,277,1.14,32.9,-0.0213,-343,2/6,2,275,-0.0434
M15,14,2.5,-,sell_only,ny,706,-813,0.82,34.4,-0.0908,-1191,1/6,-203,-610,-0.0626
M15,14,2.5,3.8,moderate,all,3294,269,1.01,33.3,-0.0372,-1429,2/6,-856,1125,-0.0666
M15,14,2.5,3.8,moderate,asia,577,46,1.02,34.0,-0.0275,-331,2/6,-80,126,-0.0477
M15,14,2.5,3.8,moderate,ny,1143,-619,0.91,36.8,-0.0537,-1015,2/6,-156,-463,-0.0516
M15,14,2.5,3.8,conservative,all,1379,937,1.13,33.6,-0.0315,-898,2/6,-358,1295,-0.0581
M15,14,2.5,3.8,conservative,asia,235,-14,0.99,34.0,-0.0794,-434,2/6,-50,35,-0.054
M15,14,2.5,3.8,conservative,ny,524,-374,0.89,34.0,-0.0852,-764,3/6,-247,-127,-0.1169
M15,14,2.5,5.0,moderate,all,2896,863,1.06,33.6,-0.0321,-1036,2/6,-685,1548,-0.0723
M15,14,2.5,5.0,moderate,asia,445,774,1.38,35.7,0.0043,-166,3/6,-34,808,-0.0496
M15,14,2.5,5.0,moderate,ny,1002,-538,0.91,37.6,-0.0352,-902,1/6,-41,-497,-0.0487
M15,14,2.5,5.0,conservative,all,1527,1565,1.2,34.3,-0.0108,-532,2/6,-312,1877,-0.0668
M15,14,2.5,5.0,conservative,asia,262,594,1.56,36.6,0.0056,-200,4/6,23,571,-0.01
M15,14,2.5,5.0,conservative,ny,510,-81,0.97,35.7,-0.0329,-601,3/6,-100,19,-0.0619
M15,20,1.2,-,direct,all,10961,-2196,0.94,34.7,-0.0532,-2904,2/6,-2095,-101,-0.0803
M15,20,1.2,-,direct,asia,2002,689,1.11,37.8,-0.0223,-323,2/6,-173,862,-0.0708
M15,20,1.2,-,direct,ny,3232,-842,0.94,34.8,-0.0335,-1030,1/6,-639,-203,-0.0516
M15,20,1.2,2.5,moderate,all,7615,-1183,0.96,34.0,-0.0386,-2046,2/6,-1717,534,-0.069
M15,20,1.2,2.5,moderate,asia,1431,615,1.14,37.0,-0.0319,-430,2/6,-265,880,-0.0865
M15,20,1.2,2.5,moderate,ny,2352,-831,0.91,34.6,-0.0311,-991,1/6,-595,-237,-0.0472
M15,20,1.2,2.5,conservative,all,3965,1703,1.13,35.3,-0.0125,-544,3/6,-448,2151,-0.049
M15,20,1.2,2.5,conservative,asia,725,718,1.35,38.9,-0.0038,-149,3/6,-87,805,-0.0849
M15,20,1.2,2.5,conservative,ny,1234,51,1.01,35.9,-0.0071,-355,2/6,-92,143,-0.0121
M15,20,1.2,-,buy_only,all,5480,-546,0.97,35.5,-0.0269,-1159,2/6,-1074,528,-0.0769
M15,20,1.2,-,buy_only,asia,974,-109,0.97,37.9,-0.0048,-385,3/6,-98,-11,-0.0674
M15,20,1.2,-,buy_only,ny,1611,-427,0.93,34.8,-0.0264,-441,2/6,-373,-54,-0.0646
M15,20,1.2,-,sell_only,all,5481,-1649,0.91,33.9,-0.0795,-2809,1/6,-1021,-628,-0.0838
M15,20,1.2,-,sell_only,asia,1028,798,1.26,37.7,-0.0389,-333,3/6,-75,874,-0.0741
M15,20,1.2,-,sell_only,ny,1621,-415,0.94,34.9,-0.0405,-801,2/6,-266,-149,-0.0383
M15,20,1.2,3.8,moderate,all,6638,-752,0.97,33.8,-0.0422,-2156,2/6,-1473,720,-0.0687
M15,20,1.2,3.8,moderate,asia,1199,-17,1.0,34.4,-0.0503,-504,2/6,-264,247,-0.0963
M15,20,1.2,3.8,moderate,ny,2086,-242,0.97,35.5,-0.028,-877,2/6,-512,270,-0.0555
M15,20,1.2,3.8,conservative,all,4517,701,1.04,34.4,-0.0339,-1233,2/6,-776,1477,-0.062
M15,20,1.2,3.8,conservative,asia,853,375,1.15,35.4,-0.0423,-400,2/6,-166,541,-0.0937
M15,20,1.2,3.8,conservative,ny,1329,-92,0.98,35.0,-0.0179,-497,2/6,-309,217,-0.0465
M15,20,1.2,5.0,moderate,all,6235,-410,0.98,34.2,-0.0373,-1616,2/6,-1125,715,-0.0671
M15,20,1.2,5.0,moderate,asia,1072,590,1.17,36.0,-0.012,-210,3/6,-160,750,-0.0785
M15,20,1.2,5.0,moderate,ny,1941,-329,0.96,35.6,-0.0199,-667,3/6,-363,34,-0.0512
M15,20,1.2,5.0,conservative,all,4857,671,1.04,34.4,-0.033,-1110,2/6,-845,1516,-0.0718
M15,20,1.2,5.0,conservative,asia,905,785,1.3,36.1,-0.0097,-177,3/6,-116,901,-0.0802
M15,20,1.2,5.0,conservative,ny,1408,-118,0.98,34.7,-0.0109,-435,2/6,-310,193,-0.0573
M15,20,1.8,-,direct,all,6691,-703,0.98,34.9,-0.0437,-1456,2/6,-877,174,-0.0605
M15,20,1.8,-,direct,asia,1249,202,1.04,36.5,-0.0349,-395,3/6,-221,424,-0.0675
M15,20,1.8,-,direct,ny,2106,682,1.07,37.0,0.0095,-388,5/6,246,436,0.0118
M15,20,1.8,2.5,moderate,all,5478,-533,0.98,34.0,-0.0382,-1506,2/6,-1105,572,-0.0622
M15,20,1.8,2.5,moderate,asia,1038,118,1.03,35.9,-0.0465,-535,1/6,-261,379,-0.0799
M15,20,1.8,2.5,moderate,ny,1799,62,1.01,36.0,-0.0143,-398,2/6,-27,89,-0.0176
M15,20,1.8,2.5,conservative,all,2499,722,1.07,35.9,-0.0024,-553,4/6,-108,830,-0.0281
M15,20,1.8,2.5,conservative,asia,442,313,1.19,37.1,-0.0341,-232,2/6,-118,432,-0.1013
M15,20,1.8,2.5,conservative,ny,936,353,1.08,37.2,0.0107,-387,3/6,184,170,0.0098
M15,20,1.8,-,buy_only,all,3345,530,1.04,36.8,-0.0078,-821,2/6,-377,907,-0.055
M15,20,1.8,-,buy_only,asia,612,-193,0.92,38.1,-0.0281,-281,3/6,-136,-57,-0.082
M15,20,1.8,-,buy_only,ny,1030,15,1.0,37.7,0.0197,-661,3/6,111,-96,0.0095
M15,20,1.8,-,sell_only,all,3346,-1233,0.92,32.9,-0.0796,-2044,1/6,-500,-733,-0.066
M15,20,1.8,-,sell_only,asia,637,396,1.15,35.0,-0.0415,-398,1/6,-85,481,-0.053
M15,20,1.8,-,sell_only,ny,1076,667,1.13,36.4,-0.0002,-274,4/6,135,532,0.0141
M15,20,1.8,3.8,moderate,all,4503,-70,1.0,33.9,-0.0362,-1472,2/6,-882,811,-0.0607
M15,20,1.8,3.8,moderate,asia,793,-457,0.87,33.8,-0.0722,-736,1/6,-273,-184,-0.1074
M15,20,1.8,3.8,moderate,ny,1517,809,1.12,37.6,-0.0102,-468,4/6,50,759,-0.0227
M15,20,1.8,3.8,conservative,all,2395,1605,1.15,34.5,-0.0122,-628,4/6,-199,1804,-0.045
M15,20,1.8,3.8,conservative,asia,446,119,1.07,35.2,-0.0623,-407,2/6,-170,289,-0.1088
M15,20,1.8,3.8,conservative,ny,773,940,1.25,36.7,0.027,-296,4/6,172,769,0.0098
M15,20,1.8,5.0,moderate,all,4100,446,1.02,34.7,-0.0313,-1010,3/6,-564,1010,-0.0574
M15,20,1.8,5.0,moderate,asia,655,342,1.13,38.8,-0.0108,-304,2/6,-122,464,-0.049
M15,20,1.8,5.0,moderate,ny,1396,559,1.08,37.1,0.0017,-402,4/6,213,345,0.0008
M15,20,1.8,5.0,conservative,all,2723,1466,1.12,34.9,-0.0175,-452,4/6,-234,1700,-0.0534
M15,20,1.8,5.0,conservative,asia,489,405,1.21,37.0,-0.0119,-271,2/6,-111,516,-0.0563
M15,20,1.8,5.0,conservative,ny,867,792,1.19,36.9,0.0325,-397,4/6,245,547,0.0285
M15,20,2.5,-,direct,all,4265,211,1.01,34.1,-0.0413,-1378,3/6,-1050,1261,-0.0825
M15,20,2.5,-,direct,asia,779,425,1.11,33.8,-0.0279,-385,1/6,-139,565,-0.0703
M15,20,2.5,-,direct,ny,1450,-433,0.95,36.2,-0.0401,-753,2/6,-303,-130,-0.0532
M15,20,2.5,2.5,moderate,all,4265,211,1.01,34.1,-0.0413,-1378,3/6,-1050,1261,-0.0825
M15,20,2.5,2.5,moderate,asia,779,425,1.11,33.8,-0.0279,-385,1/6,-139,565,-0.0703
M15,20,2.5,2.5,moderate,ny,1450,-433,0.95,36.2,-0.0401,-753,2/6,-303,-130,-0.0532
M15,20,2.5,2.5,conservative,all,4265,211,1.01,34.1,-0.0413,-1378,3/6,-1050,1261,-0.0825
M15,20,2.5,2.5,conservative,asia,779,425,1.11,33.8,-0.0279,-385,1/6,-139,565,-0.0703
M15,20,2.5,2.5,conservative,ny,1450,-433,0.95,36.2,-0.0401,-753,2/6,-303,-130,-0.0532
M15,20,2.5,-,buy_only,all,2132,812,1.07,36.0,-0.0011,-806,3/6,-452,1264,-0.0718
M15,20,2.5,-,buy_only,asia,407,-46,0.98,34.6,-0.0307,-465,3/6,-135,89,-0.0916
M15,20,2.5,-,buy_only,ny,716,169,1.04,37.6,0.0059,-291,2/6,-114,283,-0.0448
M15,20,2.5,-,sell_only,all,2133,-601,0.95,32.3,-0.0814,-1819,1/6,-598,-3,-0.0933
M15,20,2.5,-,sell_only,asia,372,471,1.25,32.8,-0.0248,-339,2/6,-4,475,-0.0452
M15,20,2.5,-,sell_only,ny,734,-602,0.86,34.9,-0.085,-1004,0/6,-188,-413,-0.0615
M15,20,2.5,3.8,moderate,all,3291,679,1.04,33.7,-0.037,-1340,2/6,-812,1490,-0.073
M15,20,2.5,3.8,moderate,asia,534,182,1.06,32.8,-0.0371,-416,2/6,-157,339,-0.1017
M15,20,2.5,3.8,moderate,ny,1182,-419,0.94,37.1,-0.0566,-816,2/6,-241,-178,-0.072
M15,20,2.5,3.8,conservative,all,1348,1124,1.16,34.6,-0.031,-659,2/6,-304,1429,-0.0699
M15,20,2.5,3.8,conservative,asia,208,332,1.32,33.7,-0.0275,-371,2/6,-31,363,-0.0427
M15,20,2.5,3.8,conservative,ny,534,-469,0.86,34.3,-0.0872,-765,2/6,-268,-201,-0.1202
M15,20,2.5,5.0,moderate,all,2888,619,1.04,34.1,-0.0384,-854,3/6,-613,1232,-0.0789
M15,20,2.5,5.0,moderate,asia,401,794,1.39,36.2,0.051,-151,5/6,56,738,0.0011
M15,20,2.5,5.0,moderate,ny,1066,-345,0.94,36.4,-0.0484,-871,2/6,-71,-274,-0.053
M15,20,2.5,5.0,conservative,all,1518,987,1.12,34.5,-0.0345,-511,2/6,-352,1339,-0.0949
M15,20,2.5,5.0,conservative,asia,232,578,1.55,36.6,0.0456,-128,4/6,24,554,-0.0246
M15,20,2.5,5.0,conservative,ny,547,-329,0.9,33.8,-0.0862,-680,3/6,-199,-130,-0.1102
M30,7,1.2,-,direct,all,5469,-671,0.97,33.9,-0.0544,-1904,2/6,-1200,529,-0.0811
M30,7,1.2,-,direct,asia,1117,158,1.04,34.7,-0.0431,-543,3/6,-257,415,-0.0632
M30,7,1.2,-,direct,ny,1590,61,1.01,37.1,-0.0037,-540,3/6,86,-25,-0.0041
M30,7,1.2,2.5,moderate,all,3800,369,1.02,34.2,-0.0299,-1402,2/6,-868,1237,-0.0574
M30,7,1.2,2.5,moderate,asia,730,-565,0.84,32.1,-0.0385,-631,2/6,-186,-380,-0.0395
M30,7,1.2,2.5,moderate,ny,1211,411,1.06,39.1,-0.0262,-497,3/6,-99,510,-0.0601
M30,7,1.2,2.5,conservative,all,2035,1074,1.11,34.7,-0.0167,-689,2/6,-271,1345,-0.0382
M30,7,1.2,2.5,conservative,asia,397,-58,0.97,32.2,-0.0497,-369,3/6,-70,12,-0.0286
M30,7,1.2,2.5,conservative,ny,669,339,1.09,37.1,-0.0492,-638,3/6,-194,533,-0.0929
M30,7,1.2,-,buy_only,all,2734,591,1.04,36.4,-0.0159,-680,3/6,-541,1132,-0.0758
M30,7,1.2,-,buy_only,asia,568,451,1.22,39.6,0.0154,-368,4/6,-103,553,-0.047
M30,7,1.2,-,buy_only,ny,781,26,1.01,37.9,0.0126,-346,3/6,-49,75,-0.0186
M30,7,1.2,-,sell_only,all,2735,-1262,0.91,31.4,-0.0929,-2079,1/6,-659,-603,-0.0864
M30,7,1.2,-,sell_only,asia,549,-293,0.88,29.7,-0.1036,-602,1/6,-155,-138,-0.0814
M30,7,1.2,-,sell_only,ny,809,35,1.01,36.3,-0.0194,-507,4/6,135,-100,0.0102
M30,7,1.2,3.8,moderate,all,3331,178,1.01,33.8,-0.0359,-1290,2/6,-785,964,-0.0666
M30,7,1.2,3.8,moderate,asia,576,70,1.03,35.1,-0.0272,-506,2/6,-63,133,-0.0177
M30,7,1.2,3.8,moderate,ny,1068,232,1.04,38.5,-0.015,-670,1/6,-66,298,-0.0469
M30,7,1.2,3.8,conservative,all,2272,867,1.08,33.7,-0.0294,-679,2/6,-394,1261,-0.0718
M30,7,1.2,3.8,conservative,asia,438,245,1.13,34.0,-0.0284,-404,3/6,-62,307,-0.0233
M30,7,1.2,3.8,conservative,ny,688,266,1.07,37.4,-0.0105,-548,3/6,-37,303,-0.057
M30,7,1.2,5.0,moderate,all,3145,-368,0.98,33.7,-0.046,-1070,2/6,-637,268,-0.0677
M30,7,1.2,5.0,moderate,asia,525,3,1.0,34.3,-0.0564,-475,3/6,-170,173,-0.0623
M30,7,1.2,5.0,moderate,ny,1028,-63,0.99,37.8,-0.0068,-675,3/6,-48,-15,-0.0261
M30,7,1.2,5.0,conservative,all,2404,178,1.02,33.1,-0.0491,-922,1/6,-454,632,-0.0742
M30,7,1.2,5.0,conservative,asia,437,4,1.0,33.6,-0.0595,-521,3/6,-97,100,-0.0524
M30,7,1.2,5.0,conservative,ny,737,311,1.07,37.7,0.0102,-497,4/6,52,259,-0.0119
M30,7,1.8,-,direct,all,3295,138,1.01,33.3,-0.0461,-1963,2/6,-979,1117,-0.0838
M30,7,1.8,-,direct,asia,670,1210,1.32,33.3,0.0141,-512,3/6,-162,1372,-0.0549
M30,7,1.8,-,direct,ny,1059,-1262,0.82,36.6,-0.0676,-1456,0/6,-301,-961,-0.063
M30,7,1.8,2.5,moderate,all,2713,456,1.03,33.7,-0.0295,-1403,2/6,-688,1144,-0.0617
M30,7,1.8,2.5,moderate,asia,490,894,1.3,32.4,0.0262,-497,3/6,-97,991,-0.0474
M30,7,1.8,2.5,moderate,ny,908,-822,0.86,37.4,-0.051,-1132,0/6,-217,-605,-0.0668
M30,7,1.8,2.5,conservative,all,1298,-839,0.9,34.1,-0.0508,-1192,2/6,-391,-448,-0.072
M30,7,1.8,2.5,conservative,asia,212,274,1.22,35.4,0.0255,-235,1/6,-90,364,-0.1082
M30,7,1.8,2.5,conservative,ny,501,-664,0.79,35.9,-0.098,-726,0/6,-313,-351,-0.125
M30,7,1.8,-,buy_only,all,1647,1135,1.12,35.8,-0.0001,-597,3/6,-401,1537,-0.0738
M30,7,1.8,-,buy_only,asia,371,532,1.28,36.4,0.0433,-330,4/6,-55,587,-0.0275
M30,7,1.8,-,buy_only,ny,509,-329,0.9,39.1,-0.0266,-424,3/6,-51,-278,-0.0471
M30,7,1.8,-,sell_only,all,1648,-998,0.91,30.9,-0.0921,-2120,1/6,-578,-420,-0.0938
M30,7,1.8,-,sell_only,asia,299,678,1.37,29.4,-0.022,-332,2/6,-107,785,-0.0913
M30,7,1.8,-,sell_only,ny,550,-933,0.75,34.4,-0.1055,-1219,0/6,-251,-683,-0.0781
M30,7,1.8,3.8,moderate,all,2244,600,1.04,34.5,-0.0292,-1248,2/6,-604,1204,-0.066
M30,7,1.8,3.8,moderate,asia,336,1536,1.82,39.6,0.0734,-137,3/6,-25,1561,-0.0331
M30,7,1.8,3.8,moderate,ny,790,-849,0.84,36.7,-0.0548,-1233,1/6,-250,-599,-0.0598
M30,7,1.8,3.8,conservative,all,1205,712,1.09,33.9,-0.036,-806,2/6,-510,1222,-0.1089
M30,7,1.8,3.8,conservative,asia,201,1465,2.5,38.8,0.1196,-151,4/6,-56,1520,-0.091
M30,7,1.8,3.8,conservative,ny,418,-597,0.79,34.7,-0.0816,-795,0/6,-267,-330,-0.105
M30,7,1.8,5.0,moderate,all,2057,-5,1.0,34.4,-0.0479,-1222,2/6,-577,572,-0.0798
M30,7,1.8,5.0,moderate,asia,299,1192,1.7,34.1,0.023,-172,2/6,-92,1283,-0.096
M30,7,1.8,5.0,moderate,ny,766,-1146,0.79,36.7,-0.0645,-1361,0/6,-316,-830,-0.0652
M30,7,1.8,5.0,conservative,all,1307,580,1.07,33.0,-0.063,-1235,2/6,-598,1178,-0.1237
M30,7,1.8,5.0,conservative,asia,214,1110,1.95,34.1,0.0353,-166,3/6,-44,1154,-0.0975
M30,7,1.8,5.0,conservative,ny,472,-653,0.8,35.0,-0.0839,-879,0/6,-335,-319,-0.1006
M30,7,2.5,-,direct,all,2132,1382,1.09,33.7,-0.0003,-815,2/6,-372,1753,-0.0325
M30,7,2.5,-,direct,asia,382,1166,1.38,31.4,0.1175,-453,5/6,-17,1183,0.0203
M30,7,2.5,-,direct,ny,730,-173,0.97,37.8,-0.0072,-602,2/6,-67,-106,-0.0175
M30,7,2.5,2.5,moderate,all,2132,1382,1.09,33.7,-0.0003,-815,2/6,-372,1753,-0.0325
M30,7,2.5,2.5,moderate,asia,382,1166,1.38,31.4,0.1175,-453,5/6,-17,1183,0.0203
M30,7,2.5,2.5,moderate,ny,730,-173,0.97,37.8,-0.0072,-602,2/6,-67,-106,-0.0175
M30,7,2.5,2.5,conservative,all,2132,1382,1.09,33.7,-0.0003,-815,2/6,-372,1753,-0.0325
M30,7,2.5,2.5,conservative,asia,382,1166,1.38,31.4,0.1175,-453,5/6,-17,1183,0.0203
M30,7,2.5,2.5,conservative,ny,730,-173,0.97,37.8,-0.0072,-602,2/6,-67,-106,-0.0175
M30,7,2.5,-,buy_only,all,1066,1374,1.18,36.3,0.0775,-428,4/6,-53,1427,0.0089
M30,7,2.5,-,buy_only,asia,230,558,1.29,31.7,0.1532,-423,3/6,-13,571,0.034
M30,7,2.5,-,buy_only,ny,339,410,1.16,43.7,0.1379,-561,5/6,340,69,0.1546
M30,7,2.5,-,sell_only,all,1066,7,1.0,31.1,-0.0781,-1397,2/6,-319,326,-0.0739
M30,7,2.5,-,sell_only,asia,152,608,1.52,30.9,0.0635,-333,4/6,-4,612,-0.0035
M30,7,2.5,-,sell_only,ny,391,-583,0.79,32.7,-0.1329,-919,1/6,-407,-176,-0.1689
M30,7,2.5,3.8,moderate,all,1663,1353,1.11,35.2,0.0059,-818,2/6,-276,1630,-0.0273
M30,7,2.5,3.8,moderate,asia,236,1192,1.69,39.4,0.1818,-154,5/6,-5,1197,0.0026
M30,7,2.5,3.8,moderate,ny,618,-361,0.93,38.0,-0.0063,-949,2/6,-25,-337,0.0039
M30,7,2.5,3.8,conservative,all,720,1510,1.27,32.8,0.0157,-576,3/6,-142,1652,-0.0713
M30,7,2.5,3.8,conservative,ny,287,90,1.04,35.2,0.0241,-311,3/6,24,66,0.0233
M30,7,2.5,5.0,moderate,all,1476,860,1.07,34.3,-0.0046,-625,3/6,-286,1146,-0.0307
M30,7,2.5,5.0,moderate,asia,198,1070,1.8,32.3,0.1529,-245,4/6,-118,1188,-0.1073
M30,7,2.5,5.0,moderate,ny,580,-306,0.93,37.9,-0.0122,-596,2/6,-129,-177,-0.0047
M30,7,2.5,5.0,conservative,all,743,1717,1.32,33.0,0.0225,-603,3/6,-127,1844,-0.0325
M30,7,2.5,5.0,conservative,ny,289,310,1.15,36.7,0.0281,-215,3/6,-84,394,0.0178
M30,10,1.2,-,direct,all,5463,-150,0.99,34.2,-0.05,-1908,2/6,-1262,1112,-0.0824
M30,10,1.2,-,direct,asia,1053,72,1.02,35.3,-0.0354,-594,3/6,-243,315,-0.0623
M30,10,1.2,-,direct,ny,1658,483,1.06,37.3,0.0022,-378,5/6,99,384,-0.0002
M30,10,1.2,2.5,moderate,all,3781,771,1.04,34.2,-0.0303,-1350,2/6,-921,1693,-0.067
M30,10,1.2,2.5,moderate,asia,674,-237,0.93,34.1,-0.0215,-624,1/6,-72,-166,-0.0242
M30,10,1.2,2.5,moderate,ny,1242,948,1.15,39.0,-0.0127,-400,3/6,-99,1048,-0.0495
M30,10,1.2,2.5,conservative,all,2046,1047,1.11,34.3,-0.032,-860,2/6,-418,1465,-0.0688
M30,10,1.2,2.5,conservative,asia,385,-16,0.99,33.8,-0.0461,-379,3/6,-60,43,-0.0241
M30,10,1.2,2.5,conservative,ny,690,681,1.19,37.1,-0.024,-531,3/6,-114,795,-0.0665
M30,10,1.2,-,buy_only,all,2731,861,1.07,36.6,-0.0109,-708,3/6,-558,1419,-0.0748
M30,10,1.2,-,buy_only,asia,538,304,1.14,39.0,0.0038,-421,4/6,-129,434,-0.0617
M30,10,1.2,-,buy_only,ny,821,251,1.06,38.4,0.0238,-303,3/6,-28,278,-0.0147
M30,10,1.2,-,sell_only,all,2732,-1011,0.92,31.7,-0.0891,-2022,1/6,-704,-307,-0.0899
M30,10,1.2,-,sell_only,asia,515,-232,0.9,31.5,-0.0764,-512,1/6,-113,-119,-0.063
M30,10,1.2,-,sell_only,ny,837,232,1.05,36.3,-0.0189,-488,3/6,127,106,0.0143
M30,10,1.2,3.8,moderate,all,3308,734,1.05,34.1,-0.0387,-1373,2/6,-923,1657,-0.0761
M30,10,1.2,3.8,moderate,asia,536,102,1.04,37.1,-0.0142,-464,3/6,-90,192,-0.0217
M30,10,1.2,3.8,moderate,ny,1098,922,1.16,38.4,-0.0027,-361,3/6,-96,1018,-0.05
M30,10,1.2,3.8,conservative,all,2295,816,1.07,34.0,-0.0336,-829,2/6,-489,1305,-0.0767
M30,10,1.2,3.8,conservative,asia,412,167,1.09,36.7,-0.0149,-380,3/6,-55,223,-0.0205
M30,10,1.2,3.8,conservative,ny,723,712,1.19,37.9,0.0149,-306,3/6,-1,712,-0.0367
M30,10,1.2,5.0,moderate,all,3118,-316,0.98,34.0,-0.0468,-1146,2/6,-717,401,-0.0729
M30,10,1.2,5.0,moderate,asia,494,-27,0.99,34.2,-0.0562,-440,3/6,-173,146,-0.0668
M30,10,1.2,5.0,moderate,ny,1055,221,1.04,37.8,-0.0034,-384,3/6,-66,287,-0.023
M30,10,1.2,5.0,conservative,all,2414,261,1.02,34.0,-0.0499,-927,2/6,-516,777,-0.0818
M30,10,1.2,5.0,conservative,asia,410,-48,0.98,35.1,-0.0521,-498,2/6,-79,32,-0.0443
M30,10,1.2,5.0,conservative,ny,768,548,1.14,38.7,0.0163,-350,4/6,87,461,-0.0048
M30,10,1.8,-,direct,all,3307,650,1.03,33.1,-0.0465,-2060,2/6,-1111,1761,-0.093
M30,10,1.8,-,direct,asia,613,801,1.22,32.5,-0.0122,-468,2/6,-176,977,-0.0779
M30,10,1.8,-,direct,ny,1105,-817,0.88,34.7,-0.0791,-1222,1/6,-423,-394,-0.0918
M30,10,1.8,2.5,moderate,all,2703,945,1.06,33.6,-0.0305,-1571,2/6,-814,1759,-0.0723
M30,10,1.8,2.5,moderate,asia,438,995,1.36,32.6,0.0443,-534,4/6,-65,1060,-0.0353
M30,10,1.8,2.5,moderate,ny,938,-282,0.95,37.0,-0.0418,-849,2/6,-242,-40,-0.0662
M30,10,1.8,2.5,conservative,all,1283,-15,1.0,33.2,-0.0511,-1059,1/6,-345,330,-0.0891
M30,10,1.8,2.5,conservative,asia,186,280,1.23,34.4,0.0429,-263,3/6,-73,353,-0.0996
M30,10,1.8,2.5,conservative,ny,526,-60,0.98,34.6,-0.0526,-598,2/6,-194,134,-0.0917
M30,10,1.8,-,buy_only,all,1653,1194,1.13,35.7,0.0036,-611,3/6,-414,1608,-0.0695
M30,10,1.8,-,buy_only,asia,350,335,1.18,35.4,0.0242,-360,4/6,-56,392,-0.0278
M30,10,1.8,-,buy_only,ny,529,-108,0.97,37.1,-0.0368,-439,2/6,-131,24,-0.0762
M30,10,1.8,-,sell_only,all,1654,-544,0.95,30.5,-0.0966,-2164,1/6,-697,152,-0.1164
M30,10,1.8,-,sell_only,asia,263,466,1.25,28.5,-0.0605,-300,1/6,-119,585,-0.1513
M30,10,1.8,-,sell_only,ny,576,-709,0.81,32.5,-0.1179,-1140,1/6,-292,-417,-0.1064
M30,10,1.8,3.8,moderate,all,2230,1113,1.08,34.1,-0.0385,-1369,2/6,-862,1975,-0.0938
M30,10,1.8,3.8,moderate,asia,321,1434,1.81,37.4,0.0553,-207,3/6,-101,1535,-0.0796
M30,10,1.8,3.8,moderate,ny,810,-168,0.97,35.8,-0.0526,-916,2/6,-414,246,-0.11
M30,10,1.8,3.8,conservative,all,1216,848,1.11,33.2,-0.0557,-1102,2/6,-700,1548,-0.1501
M30,10,1.8,3.8,conservative,asia,199,1106,2.06,34.2,0.0627,-191,4/6,-109,1215,-0.1535
M30,10,1.8,3.8,conservative,ny,430,-215,0.92,33.7,-0.0931,-763,2/6,-395,180,-0.1725
M30,10,1.8,5.0,moderate,all,2040,293,1.02,34.6,-0.0361,-1304,2/6,-703,997,-0.0819
M30,10,1.8,5.0,moderate,asia,285,1080,1.64,32.3,0.0474,-216,3/6,-140,1220,-0.0985
M30,10,1.8,5.0,moderate,ny,782,-811,0.85,35.4,-0.0798,-1177,1/6,-495,-316,-0.1155
M30,10,1.8,5.0,conservative,all,1334,1138,1.14,33.4,-0.0388,-1111,2/6,-740,1878,-0.127
M30,10,1.8,5.0,conservative,asia,204,1005,1.84,32.4,0.0843,-177,4/6,-71,1076,-0.0885
M30,10,1.8,5.0,conservative,ny,499,-221,0.93,33.7,-0.0956,-757,2/6,-524,303,-0.1781
M30,10,2.5,-,direct,all,2100,1470,1.09,34.2,-0.0011,-856,2/6,-387,1857,-0.0317
M30,10,2.5,-,direct,asia,340,1187,1.41,33.2,0.1278,-550,5/6,39,1148,0.0569
M30,10,2.5,-,direct,ny,743,-71,0.99,37.6,-0.0182,-552,2/6,-220,149,-0.0462
M30,10,2.5,2.5,moderate,all,2100,1470,1.09,34.2,-0.0011,-856,2/6,-387,1857,-0.0317
M30,10,2.5,2.5,moderate,asia,340,1187,1.41,33.2,0.1278,-550,5/6,39,1148,0.0569
M30,10,2.5,2.5,moderate,ny,743,-71,0.99,37.6,-0.0182,-552,2/6,-220,149,-0.0462
M30,10,2.5,2.5,conservative,all,2100,1470,1.09,34.2,-0.0011,-856,2/6,-387,1857,-0.0317
M30,10,2.5,2.5,conservative,asia,340,1187,1.41,33.2,0.1278,-550,5/6,39,1148,0.0569
M30,10,2.5,2.5,conservative,ny,743,-71,0.99,37.6,-0.0182,-552,2/6,-220,149,-0.0462
M30,10,2.5,-,buy_only,all,1050,1445,1.19,36.0,0.0634,-524,3/6,-104,1549,-0.0018
M30,10,2.5,-,buy_only,asia,200,805,1.51,34.5,0.1544,-188,5/6,6,800,0.0578
M30,10,2.5,-,buy_only,ny,344,293,1.11,41.0,0.0954,-541,5/6,210,83,0.0936
M30,10,2.5,-,sell_only,all,1050,24,1.0,32.4,-0.0657,-1452,2/6,-283,307,-0.0616
M30,10,2.5,-,sell_only,ny,399,-364,0.86,34.6,-0.1163,-785,1/6,-430,66,-0.1661
M30,10,2.5,3.8,moderate,all,1628,1768,1.15,35.2,-0.0025,-849,2/6,-406,2174,-0.0449
M30,10,2.5,3.8,moderate,asia,216,1178,1.73,37.0,0.1191,-190,4/6,-128,1306,-0.1173
M30,10,2.5,3.8,moderate,ny,626,180,1.04,38.2,-0.0081,-495,3/6,-197,377,-0.0455
M30,10,2.5,3.8,conservative,all,684,1342,1.26,33.5,0.0126,-662,2/6,-255,1597,-0.0776
M30,10,2.5,3.8,conservative,ny,286,292,1.14,36.0,0.0062,-379,2/6,-95,388,-0.0311
M30,10,2.5,5.0,moderate,all,1436,1088,1.1,34.2,0.0034,-670,3/6,-248,1336,-0.0275
M30,10,2.5,5.0,moderate,asia,180,1038,1.78,31.1,0.1179,-234,3/6,-146,1184,-0.1352
M30,10,2.5,5.0,moderate,ny,588,-365,0.92,37.2,-0.0268,-601,1/6,-232,-133,-0.035
M30,10,2.5,5.0,conservative,all,740,1711,1.32,33.6,0.0268,-612,4/6,-232,1944,-0.0554
M30,10,2.5,5.0,conservative,ny,307,336,1.17,36.5,-0.0087,-375,2/6,-274,610,-0.0753
M30,14,1.2,-,direct,all,5461,-326,0.99,34.2,-0.0569,-2061,2/6,-1293,966,-0.0838
M30,14,1.2,-,direct,asia,1011,-30,0.99,34.9,-0.0503,-556,3/6,-223,193,-0.064
M30,14,1.2,-,direct,ny,1692,-32,1.0,36.6,-0.0144,-422,3/6,-19,-13,-0.0123
M30,14,1.2,2.5,moderate,all,3774,771,1.04,33.8,-0.0325,-1451,2/6,-890,1661,-0.0625
M30,14,1.2,2.5,moderate,asia,639,-113,0.97,34.0,-0.0249,-649,3/6,-33,-79,-0.0199
M30,14,1.2,2.5,moderate,ny,1268,378,1.06,37.1,-0.0309,-604,2/6,-232,609,-0.0616
M30,14,1.2,2.5,conservative,all,2031,1449,1.15,34.1,-0.031,-932,2/6,-387,1836,-0.0614
M30,14,1.2,2.5,conservative,asia,362,90,1.05,34.0,-0.0596,-440,3/6,-51,141,-0.0184
M30,14,1.2,2.5,conservative,ny,697,510,1.14,35.9,-0.0323,-538,3/6,-152,661,-0.0659
M30,14,1.2,-,buy_only,all,2730,821,1.06,36.7,-0.0186,-700,3/6,-555,1376,-0.0741
M30,14,1.2,-,buy_only,asia,513,233,1.11,38.4,-0.0049,-445,4/6,-89,322,-0.0579
M30,14,1.2,-,buy_only,ny,841,-23,0.99,38.0,0.0082,-394,4/6,-62,39,-0.0201
M30,14,1.2,-,sell_only,all,2731,-1147,0.91,31.7,-0.0953,-2177,1/6,-737,-410,-0.0935
M30,14,1.2,-,sell_only,asia,498,-263,0.89,31.3,-0.0971,-602,1/6,-134,-129,-0.0709
M30,14,1.2,-,sell_only,ny,851,-9,1.0,35.1,-0.0367,-525,3/6,42,-51,-0.0045
M30,14,1.2,3.8,moderate,all,3300,38,1.0,34.4,-0.0405,-1282,2/6,-999,1037,-0.0761
M30,14,1.2,3.8,moderate,asia,524,-419,0.84,36.6,-0.0409,-572,1/6,-26,-392,0.002
M30,14,1.2,3.8,moderate,ny,1142,374,1.06,37.4,-0.0171,-482,3/6,-273,647,-0.0675
M30,14,1.2,3.8,conservative,all,2290,844,1.08,34.1,-0.0346,-849,2/6,-564,1407,-0.0786
M30,14,1.2,3.8,conservative,asia,401,-144,0.92,36.2,-0.0441,-415,3/6,-24,-120,-0.0052
M30,14,1.2,3.8,conservative,ny,748,391,1.1,36.6,-0.001,-391,4/6,-80,471,-0.0499
M30,14,1.2,5.0,moderate,all,3104,-88,0.99,34.4,-0.0472,-1075,2/6,-638,550,-0.0651
M30,14,1.2,5.0,moderate,asia,482,-16,0.99,34.0,-0.0565,-424,2/6,-79,63,-0.0314
M30,14,1.2,5.0,moderate,ny,1067,-2,1.0,36.8,-0.0227,-668,2/6,-77,75,-0.0262
M30,14,1.2,5.0,conservative,all,2423,-165,0.99,34.3,-0.0533,-1035,1/6,-435,270,-0.0704
M30,14,1.2,5.0,conservative,asia,402,-69,0.96,35.3,-0.0599,-483,2/6,-6,-63,-0.0078
M30,14,1.2,5.0,conservative,ny,781,58,1.01,37.4,-0.0102,-514,4/6,51,7,-0.0078
M30,14,1.8,-,direct,all,3305,546,1.03,33.2,-0.041,-1792,2/6,-970,1516,-0.0791
M30,14,1.8,-,direct,asia,598,799,1.23,33.9,0.0029,-400,3/6,-77,877,-0.0352
M30,14,1.8,-,direct,ny,1114,-759,0.89,34.2,-0.0716,-1139,0/6,-529,-230,-0.0949
M30,14,1.8,2.5,moderate,all,2697,906,1.05,33.5,-0.0323,-1512,2/6,-725,1630,-0.0651
M30,14,1.8,2.5,moderate,asia,425,817,1.27,33.9,0.0356,-642,4/6,-39,856,-0.0435
M30,14,1.8,2.5,moderate,ny,958,-383,0.94,35.6,-0.0476,-853,2/6,-381,-1,-0.0775
M30,14,1.8,2.5,conservative,all,1271,321,1.04,33.6,-0.033,-938,1/6,-307,628,-0.0699
M30,14,1.8,2.5,conservative,asia,184,523,1.46,37.0,0.088,-195,4/6,-7,530,-0.0184
M30,14,1.8,2.5,conservative,ny,531,-76,0.98,33.9,-0.0383,-564,3/6,-274,198,-0.0798
M30,14,1.8,-,buy_only,all,1652,1222,1.13,35.8,0.0127,-584,4/6,-287,1509,-0.0471
M30,14,1.8,-,buy_only,asia,333,648,1.38,38.4,0.0813,-306,5/6,76,572,0.0823
M30,14,1.8,-,buy_only,ny,531,-22,0.99,37.3,-0.0145,-314,2/6,-127,106,-0.0584
M30,14,1.8,-,sell_only,all,1653,-676,0.94,30.6,-0.0946,-2134,1/6,-683,7,-0.1111
M30,14,1.8,-,sell_only,asia,265,152,1.08,28.3,-0.0957,-264,1/6,-153,304,-0.1953
M30,14,1.8,-,sell_only,ny,583,-738,0.81,31.4,-0.1237,-1182,1/6,-402,-336,-0.1297
M30,14,1.8,3.8,moderate,all,2223,505,1.04,34.4,-0.0367,-1183,2/6,-856,1361,-0.0896
M30,14,1.8,3.8,moderate,asia,316,828,1.4,37.7,0.0338,-312,3/6,3,825,-0.0188
M30,14,1.8,3.8,moderate,ny,843,-55,0.99,36.3,-0.0387,-702,3/6,-530,475,-0.1112
M30,14,1.8,3.8,conservative,all,1207,20,1.0,33.1,-0.0469,-946,3/6,-745,766,-0.1329
M30,14,1.8,3.8,conservative,asia,196,86,1.08,34.2,-0.0009,-198,2/6,-91,177,-0.116
M30,14,1.8,3.8,conservative,ny,440,-294,0.9,34.1,-0.0732,-753,3/6,-470,177,-0.1536
M30,14,1.8,5.0,moderate,all,2027,452,1.03,34.1,-0.0287,-1073,2/6,-548,1000,-0.0668
M30,14,1.8,5.0,moderate,asia,289,695,1.37,31.5,0.0349,-231,4/6,-99,794,-0.0723
M30,14,1.8,5.0,moderate,ny,787,-440,0.92,34.7,-0.0604,-1041,1/6,-432,-8,-0.0937
M30,14,1.8,5.0,conservative,all,1334,933,1.11,33.8,-0.024,-807,2/6,-568,1500,-0.0943
M30,14,1.8,5.0,conservative,asia,208,704,1.56,33.2,0.0701,-198,4/6,-36,740,-0.0519
M30,14,1.8,5.0,conservative,ny,500,-146,0.95,34.2,-0.0644,-687,2/6,-484,338,-0.1373
M30,14,2.5,-,direct,all,2088,1371,1.09,33.7,-0.0126,-938,3/6,-221,1592,-0.0298
M30,14,2.5,-,direct,asia,319,1187,1.41,33.5,0.0863,-492,4/6,-33,1220,-0.0264
M30,14,2.5,-,direct,ny,761,-194,0.96,36.4,-0.0221,-757,1/6,-187,-7,-0.0563
M30,14,2.5,2.5,moderate,all,2088,1371,1.09,33.7,-0.0126,-938,3/6,-221,1592,-0.0298
M30,14,2.5,2.5,moderate,asia,319,1187,1.41,33.5,0.0863,-492,4/6,-33,1220,-0.0264
M30,14,2.5,2.5,moderate,ny,761,-194,0.96,36.4,-0.0221,-757,1/6,-187,-7,-0.0563
M30,14,2.5,2.5,conservative,all,2088,1371,1.09,33.7,-0.0126,-938,3/6,-221,1592,-0.0298
M30,14,2.5,2.5,conservative,asia,319,1187,1.41,33.5,0.0863,-492,4/6,-33,1220,-0.0264
M30,14,2.5,2.5,conservative,ny,761,-194,0.96,36.4,-0.0221,-757,1/6,-187,-7,-0.0563
M30,14,2.5,-,buy_only,all,1044,1309,1.16,35.7,0.0438,-589,4/6,-115,1424,-0.0102
M30,14,2.5,-,buy_only,asia,187,869,1.55,37.4,0.1514,-245,4/6,-4,874,0.0523
M30,14,2.5,-,buy_only,ny,358,276,1.1,39.1,0.0738,-555,4/6,111,164,0.0409
M30,14,2.5,-,sell_only,all,1044,62,1.01,31.7,-0.0691,-1618,2/6,-105,168,-0.0494
M30,14,2.5,-,sell_only,ny,403,-470,0.83,34.0,-0.1074,-891,1/6,-298,-172,-0.1401
M30,14,2.5,3.8,moderate,all,1614,883,1.07,34.8,-0.0142,-764,3/6,-416,1299,-0.0568
M30,14,2.5,3.8,moderate,asia,212,488,1.23,35.8,0.0395,-267,4/6,-70,559,-0.1037
M30,14,2.5,3.8,moderate,ny,653,139,1.03,37.1,-0.0133,-549,3/6,-320,460,-0.0757
M30,14,2.5,3.8,conservative,all,671,1256,1.25,33.7,0.0033,-493,3/6,-185,1440,-0.0803
M30,14,2.5,3.8,conservative,ny,302,415,1.2,38.1,0.035,-245,4/6,-56,471,-0.0235
M30,14,2.5,5.0,moderate,all,1417,938,1.08,33.7,-0.0033,-644,3/6,-43,981,-0.0201
M30,14,2.5,5.0,moderate,asia,177,560,1.35,28.2,0.0063,-267,3/6,-198,759,-0.2165
M30,14,2.5,5.0,moderate,ny,585,219,1.05,36.9,0.0015,-448,3/6,-78,297,-0.0208
M30,14,2.5,5.0,conservative,all,734,1373,1.25,33.7,0.0231,-470,4/6,-46,1418,-0.0339
M30,14,2.5,5.0,conservative,ny,297,487,1.24,37.4,0.0544,-214,4/6,-123,610,-0.038
M30,20,1.2,-,direct,all,5439,-442,0.98,34.5,-0.0478,-1838,2/6,-1071,628,-0.0732
M30,20,1.2,-,direct,asia,978,116,1.03,35.1,-0.0492,-533,2/6,-221,337,-0.0641
M30,20,1.2,-,direct,ny,1717,-185,0.98,36.9,-0.0092,-569,3/6,82,-267,-0.0006
M30,20,1.2,2.5,moderate,all,3761,276,1.01,33.8,-0.0282,-1416,2/6,-765,1041,-0.0561
M30,20,1.2,2.5,moderate,asia,633,-224,0.94,32.5,-0.0409,-587,2/6,-134,-90,-0.0367
M30,20,1.2,2.5,moderate,ny,1280,-32,1.0,36.9,-0.0293,-552,2/6,-108,75,-0.0486
M30,20,1.2,2.5,conservative,all,2013,1330,1.14,34.4,-0.0233,-707,3/6,-278,1609,-0.061
M30,20,1.2,2.5,conservative,asia,344,329,1.21,35.2,-0.0385,-357,3/6,-4,332,-0.0004
M30,20,1.2,2.5,conservative,ny,706,53,1.01,35.1,-0.0437,-613,2/6,-153,205,-0.0749
M30,20,1.2,-,buy_only,all,2719,1042,1.08,37.3,-0.0095,-601,3/6,-472,1514,-0.0668
M30,20,1.2,-,buy_only,asia,492,216,1.1,38.2,-0.0186,-383,4/6,-109,325,-0.068
M30,20,1.2,-,buy_only,ny,859,141,1.03,39.0,0.0127,-295,4/6,7,134,-0.0099
M30,20,1.2,-,sell_only,all,2720,-1485,0.89,31.7,-0.0862,-2238,0/6,-599,-886,-0.0796
M30,20,1.2,-,sell_only,asia,486,-101,0.96,31.9,-0.0802,-615,1/6,-113,12,-0.0599
M30,20,1.2,-,sell_only,ny,858,-326,0.93,34.8,-0.0312,-728,1/6,76,-401,0.0088
M30,20,1.2,3.8,moderate,all,3285,361,1.02,34.0,-0.0313,-1143,2/6,-855,1215,-0.0676
M30,20,1.2,3.8,moderate,asia,511,-271,0.9,36.4,-0.0342,-562,2/6,-22,-248,0.0059
M30,20,1.2,3.8,moderate,ny,1131,550,1.1,36.7,-0.0171,-417,4/6,-163,713,-0.0551
M30,20,1.2,3.8,conservative,all,2274,644,1.06,33.6,-0.0266,-751,2/6,-434,1078,-0.0661
M30,20,1.2,3.8,conservative,asia,384,-160,0.91,35.2,-0.0416,-419,2/6,-24,-136,-0.0028
M30,20,1.2,3.8,conservative,ny,743,205,1.05,35.9,-0.009,-460,3/6,-35,240,-0.0389
M30,20,1.2,5.0,moderate,all,3085,554,1.04,34.9,-0.0341,-968,2/6,-505,1059,-0.0561
M30,20,1.2,5.0,moderate,asia,465,113,1.05,34.6,-0.0591,-444,2/6,-96,209,-0.0353
M30,20,1.2,5.0,moderate,ny,1076,368,1.07,37.9,-0.0149,-539,3/6,-16,385,-0.0154
M30,20,1.2,5.0,conservative,all,2426,203,1.02,34.5,-0.0401,-927,1/6,-393,597,-0.0644
M30,20,1.2,5.0,conservative,asia,395,-17,0.99,35.2,-0.0642,-497,2/6,-14,-3,-0.012
M30,20,1.2,5.0,conservative,ny,798,239,1.06,38.2,-0.0018,-477,4/6,71,168,0.002
M30,20,1.8,-,direct,all,3357,-89,1.0,32.9,-0.0501,-2096,2/6,-1220,1131,-0.0921
M30,20,1.8,-,direct,asia,594,171,1.05,33.0,-0.038,-496,2/6,-230,401,-0.0714
M30,20,1.8,-,direct,ny,1156,-901,0.88,33.8,-0.069,-1221,1/6,-525,-376,-0.0886
M30,20,1.8,2.5,moderate,all,2720,554,1.03,33.5,-0.0295,-1526,2/6,-676,1230,-0.058
M30,20,1.8,2.5,moderate,asia,432,-121,0.96,31.2,-0.0302,-664,2/6,-160,39,-0.0908
M30,20,1.8,2.5,moderate,ny,973,-150,0.98,36.1,-0.0342,-779,2/6,-273,123,-0.0594
M30,20,1.8,2.5,conservative,all,1306,668,1.08,33.1,-0.0433,-992,2/6,-493,1160,-0.0925
M30,20,1.8,2.5,conservative,asia,182,398,1.31,34.1,0.0068,-175,4/6,6,392,-0.0534
M30,20,1.8,2.5,conservative,ny,559,-5,1.0,33.3,-0.0466,-662,2/6,-349,345,-0.0911
M30,20,1.8,-,buy_only,all,1678,861,1.08,35.2,-0.0012,-621,3/6,-459,1319,-0.0653
M30,20,1.8,-,buy_only,asia,330,349,1.19,35.2,0.0065,-372,3/6,-109,458,-0.005
M30,20,1.8,-,buy_only,ny,556,-154,0.95,36.2,-0.0181,-432,3/6,-157,3,-0.054
M30,20,1.8,-,sell_only,all,1679,-949,0.91,30.7,-0.099,-2236,1/6,-761,-188,-0.1189
M30,20,1.8,-,sell_only,asia,264,-178,0.9,30.3,-0.0936,-405,1/6,-121,-58,-0.1649
M30,20,1.8,-,sell_only,ny,600,-747,0.81,31.7,-0.1162,-1125,1/6,-368,-379,-0.122
M30,20,1.8,3.8,moderate,all,2245,391,1.03,33.9,-0.0395,-1209,2/6,-893,1284,-0.0936
M30,20,1.8,3.8,moderate,asia,314,56,1.03,33.4,-0.0109,-348,3/6,-82,138,-0.0628
M30,20,1.8,3.8,moderate,ny,840,-79,0.98,35.4,-0.0568,-785,2/6,-462,383,-0.1062
M30,20,1.8,3.8,conservative,all,1228,383,1.05,32.2,-0.047,-1033,3/6,-835,1219,-0.1428
M30,20,1.8,3.8,conservative,asia,189,62,1.05,31.2,-0.017,-246,3/6,-143,205,-0.1833
M30,20,1.8,3.8,conservative,ny,445,-241,0.91,31.9,-0.0796,-729,2/6,-481,239,-0.153
M30,20,1.8,5.0,moderate,all,2044,766,1.06,34.0,-0.0318,-1116,2/6,-687,1453,-0.0803
M30,20,1.8,5.0,moderate,asia,278,162,1.09,29.1,-0.0191,-378,2/6,-197,360,-0.107
M30,20,1.8,5.0,moderate,ny,800,126,1.03,35.1,-0.0462,-734,2/6,-393,520,-0.0813
M30,20,1.8,5.0,conservative,all,1375,752,1.09,33.2,-0.0378,-873,2/6,-668,1419,-0.1172
M30,20,1.8,5.0,conservative,asia,207,130,1.1,30.0,-0.0029,-258,3/6,-96,227,-0.0824
M30,20,1.8,5.0,conservative,ny,519,39,1.01,33.9,-0.0457,-562,2/6,-402,442,-0.1073
M30,20,2.5,-,direct,all,2083,1010,1.06,34.6,-0.0109,-866,4/6,-117,1127,-0.0222
M30,20,2.5,-,direct,asia,328,560,1.18,32.6,0.0057,-643,3/6,-182,742,-0.1151
M30,20,2.5,-,direct,ny,764,109,1.02,37.8,0.0045,-760,3/6,49,60,-0.0138
M30,20,2.5,2.5,moderate,all,2083,1010,1.06,34.6,-0.0109,-866,4/6,-117,1127,-0.0222
M30,20,2.5,2.5,moderate,asia,328,560,1.18,32.6,0.0057,-643,3/6,-182,742,-0.1151
M30,20,2.5,2.5,moderate,ny,764,109,1.02,37.8,0.0045,-760,3/6,49,60,-0.0138
M30,20,2.5,2.5,conservative,all,2083,1010,1.06,34.6,-0.0109,-866,4/6,-117,1127,-0.0222
M30,20,2.5,2.5,conservative,asia,328,560,1.18,32.6,0.0057,-643,3/6,-182,742,-0.1151
M30,20,2.5,2.5,conservative,ny,764,109,1.02,37.8,0.0045,-760,3/6,49,60,-0.0138
M30,20,2.5,-,buy_only,all,1041,1313,1.16,37.2,0.0599,-640,3/6,-65,1377,0.0058
M30,20,2.5,-,buy_only,asia,191,596,1.35,36.6,0.1021,-283,3/6,-88,684,-0.0532
M30,20,2.5,-,buy_only,ny,362,373,1.14,40.9,0.1056,-525,4/6,217,157,0.0961
M30,20,2.5,-,sell_only,all,1042,-303,0.96,32.1,-0.0816,-1561,3/6,-52,-250,-0.0501
M30,20,2.5,-,sell_only,ny,402,-264,0.9,35.1,-0.0865,-673,1/6,-168,-97,-0.111
M30,20,2.5,3.8,moderate,all,1607,625,1.05,34.8,-0.0121,-649,3/6,-294,919,-0.049
M30,20,2.5,3.8,moderate,asia,218,537,1.26,34.4,-0.0199,-274,4/6,-143,680,-0.1684
M30,20,2.5,3.8,moderate,ny,645,217,1.04,38.1,0.0119,-514,4/6,22,195,-0.0154
M30,20,2.5,3.8,conservative,all,660,1000,1.19,35.2,0.0039,-308,4/6,-133,1133,-0.0691
M30,20,2.5,3.8,conservative,ny,295,455,1.22,40.3,0.0503,-246,5/6,65,389,0.0177
M30,20,2.5,5.0,moderate,all,1407,1177,1.11,35.0,0.0078,-495,3/6,14,1163,-0.0165
M30,20,2.5,5.0,moderate,asia,174,936,1.61,31.6,0.0256,-261,3/6,-229,1165,-0.2235
M30,20,2.5,5.0,moderate,ny,587,476,1.11,37.5,0.0206,-310,5/6,24,452,-0.0103
M30,20,2.5,5.0,conservative,all,739,1763,1.32,35.9,0.0355,-447,5/6,-57,1820,-0.0454
M30,20,2.5,5.0,conservative,ny,305,597,1.28,39.7,0.0627,-215,3/6,-91,688,-0.0393
H1,7,1.2,-,direct,all,2653,1434,1.08,34.2,-0.0272,-1359,2/6,-703,2137,-0.0493
H1,7,1.2,-,direct,asia,453,1139,1.34,34.2,0.0232,-274,5/6,36,1103,-0.0079
H1,7,1.2,-,direct,ny,784,-836,0.84,36.2,-0.0478,-1282,1/6,-204,-632,-0.0386
H1,7,1.2,2.5,moderate,all,1862,1386,1.1,35.1,-0.0186,-931,2/6,-524,1910,-0.0523
H1,7,1.2,2.5,moderate,asia,235,1769,2.12,40.0,0.1393,-208,5/6,91,1678,0.0374
H1,7,1.2,2.5,moderate,ny,629,89,1.02,38.0,-0.0247,-625,3/6,-206,295,-0.0502
H1,7,1.2,2.5,conservative,all,1003,1343,1.19,34.4,-0.0307,-888,1/6,-499,1842,-0.0924
H1,7,1.2,2.5,conservative,ny,356,-122,0.95,37.6,-0.0609,-579,1/6,-303,180,-0.1104
H1,7,1.2,-,buy_only,all,1326,1412,1.16,36.1,0.0202,-420,3/6,-327,1739,-0.0284
H1,7,1.2,-,buy_only,asia,265,283,1.15,35.1,0.0227,-217,4/6,-20,304,0.023
H1,7,1.2,-,buy_only,ny,373,-334,0.87,39.1,0.0057,-510,2/6,56,-389,0.0299
H1,7,1.2,-,sell_only,all,1327,22,1.0,32.3,-0.0746,-2138,2/6,-376,398,-0.0702
H1,7,1.2,-,sell_only,asia,188,856,1.6,33.0,0.0239,-189,4/6,57,799,-0.0546
H1,7,1.2,-,sell_only,ny,411,-502,0.81,33.6,-0.0964,-962,1/6,-260,-242,-0.1012
H1,7,1.2,3.8,moderate,all,1622,1351,1.12,34.2,-0.0022,-657,3/6,-162,1513,-0.0286
H1,7,1.2,3.8,moderate,asia,211,1248,1.84,31.3,0.0772,-263,4/6,-11,1259,-0.0549
H1,7,1.2,3.8,moderate,ny,551,-118,0.97,36.5,-0.0095,-506,2/6,-209,91,-0.0372
H1,7,1.2,3.8,conservative,all,1095,2088,1.29,34.2,-0.0065,-662,3/6,-210,2297,-0.0582
H1,7,1.2,3.8,conservative,asia,158,1211,2.12,31.0,0.0899,-139,4/6,47,1164,-0.0549
H1,7,1.2,3.8,conservative,ny,372,205,1.09,38.2,-0.0011,-354,2/6,-165,370,-0.0565
H1,7,1.2,5.0,moderate,all,1527,1384,1.13,34.4,-0.007,-691,2/6,-225,1608,-0.0327
H1,7,1.2,5.0,moderate,asia,211,1134,1.77,33.2,0.0699,-183,4/6,75,1060,0.0122
H1,7,1.2,5.0,moderate,ny,504,-260,0.92,35.9,-0.0409,-600,2/6,-249,-11,-0.0557
H1,7,1.2,5.0,conservative,all,1155,1976,1.27,34.7,-0.0013,-545,2/6,-85,2060,-0.0365
H1,7,1.2,5.0,conservative,asia,172,1064,1.86,31.4,0.0862,-183,5/6,82,982,0.0266
H1,7,1.2,5.0,conservative,ny,390,-56,0.98,37.4,-0.0348,-418,1/6,-131,75,-0.0628
H1,7,1.8,-,direct,all,1645,1665,1.12,34.8,-0.0078,-651,4/6,-232,1897,-0.0353
H1,7,1.8,-,direct,asia,210,464,1.18,37.6,0.0843,-854,4/6,-35,500,-0.0094
H1,7,1.8,-,direct,ny,535,435,1.11,37.2,-0.0015,-642,4/6,156,279,0.0203
H1,7,1.8,2.5,moderate,all,1357,1192,1.1,35.8,-0.0089,-704,4/6,-300,1492,-0.0446
H1,7,1.8,2.5,moderate,ny,489,645,1.17,38.0,0.0194,-500,3/6,167,477,0.024
H1,7,1.8,2.5,conservative,all,677,998,1.17,36.0,-0.0378,-639,3/6,-312,1310,-0.1021
H1,7,1.8,2.5,conservative,ny,292,240,1.11,38.4,-0.0175,-585,3/6,-6,246,-0.0194
H1,7,1.8,-,buy_only,all,822,1667,1.24,38.0,0.0498,-651,4/6,-135,1802,-0.0124
H1,7,1.8,-,buy_only,ny,253,276,1.13,41.9,0.0589,-403,3/6,234,42,0.1377
H1,7,1.8,-,sell_only,all,823,-2,1.0,31.6,-0.0654,-1358,2/6,-97,95,-0.0581
H1,7,1.8,-,sell_only,ny,282,159,1.08,33.0,-0.0557,-424,1/6,-77,237,-0.0817
H1,7,1.8,3.8,moderate,all,1118,1560,1.16,35.0,0.0249,-554,4/6,-4,1563,-0.0061
H1,7,1.8,3.8,moderate,ny,406,-177,0.95,37.2,-0.0112,-548,2/6,-214,37,-0.0373
H1,7,1.8,3.8,conservative,all,596,2401,1.49,37.8,0.0563,-261,5/6,117,2284,-0.0179
H1,7,1.8,3.8,conservative,ny,230,291,1.18,40.4,0.0095,-230,3/6,-65,356,-0.0343
H1,7,1.8,5.0,moderate,all,1023,1563,1.17,35.8,0.0236,-620,3/6,-34,1597,-0.0082
H1,7,1.8,5.0,moderate,ny,349,124,1.05,37.0,0.015,-384,3/6,-122,246,-0.0013
H1,7,1.8,5.0,conservative,all,650,2122,1.39,37.5,0.0575,-335,4/6,159,1963,0.0029
H1,7,1.8,5.0,conservative,ny,235,373,1.22,40.0,0.054,-272,3/6,21,351,0.0193
H1,7,2.5,-,direct,all,1069,1444,1.13,35.7,0.0095,-884,4/6,-220,1664,-0.0262
H1,7,2.5,-,direct,ny,388,1106,1.3,38.4,0.0473,-334,4/6,123,983,0.0162
H1,7,2.5,2.5,moderate,all,1069,1444,1.13,35.7,0.0095,-884,4/6,-220,1664,-0.0262
H1,7,2.5,2.5,moderate,ny,388,1106,1.3,38.4,0.0473,-334,4/6,123,983,0.0162
H1,7,2.5,2.5,conservative,all,1069,1444,1.13,35.7,0.0095,-884,4/6,-220,1664,-0.0262
H1,7,2.5,2.5,conservative,ny,388,1106,1.3,38.4,0.0473,-334,4/6,123,983,0.0162
H1,7,2.5,-,buy_only,all,534,1612,1.3,39.5,0.0915,-546,4/6,-124,1736,-0.0259
H1,7,2.5,-,buy_only,ny,204,569,1.28,41.2,0.0897,-229,4/6,-33,601,-0.0086
H1,7,2.5,-,sell_only,all,535,-168,0.97,32.0,-0.0723,-1209,1/6,-96,-72,-0.0265
H1,7,2.5,-,sell_only,ny,184,537,1.32,35.3,0.0002,-292,4/6,156,382,0.0436
H1,7,2.5,3.8,moderate,all,832,1182,1.13,36.9,0.0383,-820,4/6,-9,1191,0.0061
H1,7,2.5,3.8,moderate,ny,303,1045,1.37,39.3,0.058,-327,5/6,1,1044,-0.0276
H1,7,2.5,3.8,conservative,all,358,1102,1.3,37.4,0.09,-286,5/6,117,984,0.0437
H1,7,2.5,5.0,moderate,all,735,1293,1.16,37.4,0.0363,-717,4/6,-94,1387,-0.0021
H1,7,2.5,5.0,moderate,ny,251,641,1.27,39.4,0.0475,-272,4/6,-47,688,0.0035
H1,7,2.5,5.0,conservative,all,381,748,1.18,35.4,0.0406,-490,5/6,-53,801,-0.0077
H1,10,1.2,-,direct,all,2649,891,1.05,34.0,-0.028,-1309,2/6,-871,1762,-0.0563
H1,10,1.2,-,direct,asia,449,508,1.15,32.7,-0.0231,-304,2/6,-145,653,-0.0841
H1,10,1.2,-,direct,ny,778,-449,0.91,37.0,-0.0187,-837,1/6,-87,-362,-0.005
H1,10,1.2,2.5,moderate,all,1846,1149,1.09,35.3,-0.0158,-945,3/6,-618,1767,-0.0584
H1,10,1.2,2.5,moderate,asia,230,1011,1.59,37.4,0.0939,-197,5/6,-1,1012,-0.0152
H1,10,1.2,2.5,moderate,ny,622,287,1.07,37.9,-0.0182,-518,3/6,-175,462,-0.0503
H1,10,1.2,2.5,conservative,all,1000,1032,1.15,34.5,-0.0305,-843,3/6,-681,1713,-0.1067
H1,10,1.2,2.5,conservative,ny,344,-46,0.98,36.6,-0.0673,-611,1/6,-392,346,-0.1363
H1,10,1.2,-,buy_only,all,1324,1277,1.14,35.5,0.0179,-525,3/6,-407,1683,-0.0369
H1,10,1.2,-,buy_only,asia,262,377,1.21,33.6,-0.0004,-265,2/6,-121,498,-0.0462
H1,10,1.2,-,buy_only,ny,366,-50,0.98,40.4,0.0456,-345,5/6,115,-165,0.0653
H1,10,1.2,-,sell_only,all,1325,-385,0.96,32.5,-0.0738,-1957,1/6,-464,79,-0.0756
H1,10,1.2,-,sell_only,asia,187,131,1.09,31.6,-0.0549,-243,4/6,-25,155,-0.1412
H1,10,1.2,-,sell_only,ny,412,-400,0.85,34.0,-0.0759,-927,1/6,-203,-197,-0.0674
H1,10,1.2,3.8,moderate,all,1612,1267,1.11,34.1,-0.0089,-817,2/6,-397,1664,-0.0486
H1,10,1.2,3.8,moderate,asia,202,615,1.41,30.7,0.0468,-209,4/6,-71,686,-0.0992
H1,10,1.2,3.8,moderate,ny,539,-183,0.95,35.4,-0.0265,-651,2/6,-207,24,-0.0463
H1,10,1.2,3.8,conservative,all,1097,2018,1.28,34.6,-0.0077,-754,2/6,-441,2459,-0.0798
H1,10,1.2,3.8,conservative,asia,157,565,1.48,30.6,0.0361,-132,4/6,-46,611,-0.1481
H1,10,1.2,3.8,conservative,ny,365,221,1.11,37.5,-0.0147,-474,2/6,-243,464,-0.0738
H1,10,1.2,5.0,moderate,all,1523,715,1.07,33.6,-0.0195,-805,2/6,-430,1144,-0.0535
H1,10,1.2,5.0,moderate,asia,211,211,1.13,29.9,-0.0164,-228,3/6,-7,218,-0.0632
H1,10,1.2,5.0,moderate,ny,496,155,1.05,36.5,-0.0278,-472,2/6,-269,424,-0.0574
H1,10,1.2,5.0,conservative,all,1153,1404,1.19,34.1,-0.0099,-534,2/6,-262,1666,-0.0528
H1,10,1.2,5.0,conservative,asia,173,260,1.19,29.5,-0.0137,-170,3/6,-4,264,-0.0655
H1,10,1.2,5.0,conservative,ny,379,210,1.09,37.7,-0.0097,-330,2/6,-115,324,-0.0397
H1,10,1.8,-,direct,all,1629,1069,1.07,34.9,-0.0057,-793,3/6,-223,1292,-0.0203
H1,10,1.8,-,direct,asia,214,347,1.13,38.3,0.0604,-714,5/6,-49,396,-0.0028
H1,10,1.8,-,direct,ny,532,276,1.07,36.1,0.0014,-777,4/6,77,199,0.0127
H1,10,1.8,2.5,moderate,all,1336,832,1.07,35.8,-0.0075,-1024,4/6,-320,1152,-0.0424
H1,10,1.8,2.5,moderate,ny,488,402,1.1,37.7,0.0137,-487,3/6,7,395,-0.0049
H1,10,1.8,2.5,conservative,all,645,804,1.14,35.7,-0.0331,-624,4/6,-299,1103,-0.0893
H1,10,1.8,2.5,conservative,ny,284,-22,0.99,36.3,-0.0361,-651,3/6,-171,149,-0.0592
H1,10,1.8,-,buy_only,all,814,1496,1.21,38.3,0.0562,-724,4/6,-123,1619,-0.0005
H1,10,1.8,-,buy_only,ny,248,71,1.03,40.3,0.0373,-517,3/6,145,-74,0.0938
H1,10,1.8,-,sell_only,all,815,-427,0.94,31.4,-0.0676,-1615,2/6,-101,-327,-0.0401
H1,10,1.8,-,sell_only,ny,284,205,1.1,32.4,-0.03,-440,3/6,-68,273,-0.056
H1,10,1.8,3.8,moderate,all,1104,1368,1.14,34.5,0.022,-523,4/6,-57,1425,-0.0041
H1,10,1.8,3.8,moderate,ny,401,-304,0.91,35.7,-0.0147,-689,1/6,-249,-56,-0.0442
H1,10,1.8,3.8,conservative,all,592,2508,1.51,37.2,0.0806,-256,5/6,196,2312,0.023
H1,10,1.8,3.8,conservative,ny,230,462,1.27,38.7,0.0517,-254,4/6,-96,559,-0.022
H1,10,1.8,5.0,moderate,all,1013,951,1.1,35.4,0.0094,-855,3/6,-38,988,-0.0139
H1,10,1.8,5.0,moderate,ny,351,124,1.04,35.3,-0.0159,-478,2/6,-261,384,-0.0652
H1,10,1.8,5.0,conservative,all,644,1455,1.26,36.5,0.0395,-377,4/6,159,1296,0.0098
H1,10,1.8,5.0,conservative,ny,233,200,1.11,36.5,0.0228,-292,5/6,-76,277,-0.0305
H1,10,2.5,-,direct,all,1043,1142,1.1,35.6,0.0018,-1191,4/6,-356,1498,-0.0386
H1,10,2.5,-,direct,ny,384,1244,1.34,39.3,0.0532,-305,5/6,37,1207,-0.0015
H1,10,2.5,2.5,moderate,all,1043,1142,1.1,35.6,0.0018,-1191,4/6,-356,1498,-0.0386
H1,10,2.5,2.5,moderate,ny,384,1244,1.34,39.3,0.0532,-305,5/6,37,1207,-0.0015
H1,10,2.5,2.5,conservative,all,1043,1142,1.1,35.6,0.0018,-1191,4/6,-356,1498,-0.0386
H1,10,2.5,2.5,conservative,ny,384,1244,1.34,39.3,0.0532,-305,5/6,37,1207,-0.0015
H1,10,2.5,-,buy_only,all,521,1499,1.28,39.9,0.0924,-630,4/6,-191,1691,-0.0285
H1,10,2.5,-,buy_only,ny,199,497,1.24,40.7,0.0711,-267,4/6,-149,646,-0.0504
H1,10,2.5,-,sell_only,all,522,-357,0.94,31.2,-0.0885,-1265,1/6,-164,-193,-0.0487
H1,10,2.5,-,sell_only,ny,185,747,1.47,37.8,0.0341,-143,5/6,187,561,0.048
H1,10,2.5,3.8,moderate,all,811,1142,1.13,36.5,0.0266,-911,4/6,-151,1293,-0.0111
H1,10,2.5,3.8,moderate,ny,301,986,1.32,38.2,0.0376,-325,4/6,-35,1022,-0.0419
H1,10,2.5,3.8,conservative,all,351,658,1.17,37.3,0.0659,-550,4/6,164,494,0.0262
H1,10,2.5,3.8,conservative,ny,152,828,1.61,40.8,0.0858,-181,5/6,90,738,-0.0059
H1,10,2.5,5.0,moderate,all,721,717,1.09,37.4,0.0162,-1144,3/6,-179,896,-0.0265
H1,10,2.5,5.0,moderate,ny,247,672,1.28,39.7,0.0246,-318,4/6,-134,806,-0.0624
H1,10,2.5,5.0,conservative,all,363,596,1.15,36.6,0.0368,-439,4/6,49,546,0.0068
H1,14,1.2,-,direct,all,2639,1335,1.07,34.3,-0.0218,-1223,2/6,-730,2065,-0.0496
H1,14,1.2,-,direct,asia,450,911,1.28,32.0,-0.0253,-325,2/6,-212,1123,-0.1164
H1,14,1.2,-,direct,ny,787,-270,0.95,37.6,-0.0223,-661,1/6,-115,-155,-0.0245
H1,14,1.2,2.5,moderate,all,1840,1396,1.11,35.5,-0.0149,-900,4/6,-577,1972,-0.0581
H1,14,1.2,2.5,moderate,asia,234,989,1.52,36.3,0.0852,-178,4/6,-45,1034,-0.0413
H1,14,1.2,2.5,moderate,ny,620,173,1.04,37.6,-0.0314,-612,2/6,-313,486,-0.0847
H1,14,1.2,2.5,conservative,all,989,679,1.1,34.6,-0.0264,-750,3/6,-608,1287,-0.0982
H1,14,1.2,2.5,conservative,ny,347,107,1.05,37.5,-0.0378,-412,2/6,-331,438,-0.1274
H1,14,1.2,-,buy_only,all,1319,1513,1.17,36.1,0.021,-465,3/6,-286,1799,-0.0267
H1,14,1.2,-,buy_only,asia,265,554,1.31,32.8,-0.0106,-312,2/6,-152,705,-0.0712
H1,14,1.2,-,buy_only,ny,370,-44,0.98,39.7,0.0216,-284,3/6,52,-96,0.0182
H1,14,1.2,-,sell_only,all,1320,-177,0.98,32.6,-0.0646,-1866,1/6,-444,267,-0.0725
H1,14,1.2,-,sell_only,asia,185,357,1.24,30.8,-0.0465,-213,3/6,-60,418,-0.1868
H1,14,1.2,-,sell_only,ny,417,-226,0.91,35.7,-0.0614,-798,2/6,-167,-58,-0.0628
H1,14,1.2,3.8,moderate,all,1604,1413,1.13,34.2,-0.0096,-838,2/6,-381,1793,-0.0524
H1,14,1.2,3.8,moderate,asia,207,1019,1.71,32.9,0.0487,-270,3/6,-150,1169,-0.1557
H1,14,1.2,3.8,moderate,ny,544,73,1.02,35.1,-0.024,-520,2/6,-233,306,-0.0658
H1,14,1.2,3.8,conservative,all,1089,1911,1.26,34.3,-0.0097,-842,2/6,-485,2396,-0.0865
H1,14,1.2,3.8,conservative,asia,156,955,1.84,31.4,0.0562,-164,3/6,-82,1037,-0.1814
H1,14,1.2,3.8,conservative,ny,372,334,1.16,36.6,-0.011,-384,3/6,-222,556,-0.0925
H1,14,1.2,5.0,moderate,all,1507,1342,1.13,34.2,-0.0069,-678,2/6,-320,1662,-0.0459
H1,14,1.2,5.0,moderate,asia,205,791,1.5,32.7,0.0476,-203,4/6,57,733,0.0092
H1,14,1.2,5.0,moderate,ny,505,435,1.15,37.6,-0.0072,-374,3/6,-238,673,-0.0698
H1,14,1.2,5.0,conservative,all,1161,1809,1.24,35.0,0.0044,-451,3/6,-162,1971,-0.04
H1,14,1.2,5.0,conservative,asia,169,714,1.54,32.0,0.049,-154,4/6,54,660,0.0183
H1,14,1.2,5.0,conservative,ny,393,419,1.2,38.2,0.0095,-254,3/6,-148,567,-0.0655
H1,14,1.8,-,direct,all,1613,2194,1.16,35.5,0.0085,-727,3/6,16,2178,-0.0109
H1,14,1.8,-,direct,asia,203,672,1.27,36.5,0.0677,-574,5/6,17,654,-0.0176
H1,14,1.8,-,direct,ny,523,217,1.05,36.7,0.0138,-623,4/6,150,67,0.015
H1,14,1.8,2.5,moderate,all,1327,1426,1.12,36.2,0.0014,-915,4/6,-230,1656,-0.0375
H1,14,1.8,2.5,moderate,ny,479,382,1.1,37.2,-0.0018,-471,3/6,-90,472,-0.0416
H1,14,1.8,2.5,conservative,all,631,1308,1.25,35.7,-0.0193,-536,3/6,-295,1603,-0.0879
H1,14,1.8,2.5,conservative,ny,274,-100,0.95,35.4,-0.0506,-549,3/6,-161,61,-0.084
H1,14,1.8,-,buy_only,all,806,1850,1.26,38.6,0.0741,-652,5/6,6,1844,0.0128
H1,14,1.8,-,buy_only,ny,242,95,1.05,41.7,0.0923,-512,4/6,228,-133,0.1253
H1,14,1.8,-,sell_only,all,807,344,1.05,32.3,-0.0569,-1352,2/6,10,334,-0.0345
H1,14,1.8,-,sell_only,ny,281,122,1.06,32.4,-0.0539,-508,3/6,-78,199,-0.0786
H1,14,1.8,3.8,moderate,all,1091,1506,1.15,34.8,0.0301,-553,3/6,6,1501,-0.0006
H1,14,1.8,3.8,moderate,ny,383,-8,1.0,35.2,0.0047,-429,1/6,-172,164,-0.0407
H1,14,1.8,3.8,conservative,all,584,2746,1.57,38.0,0.0989,-222,6/6,228,2518,0.0303
H1,14,1.8,3.8,conservative,ny,220,620,1.39,39.1,0.0912,-177,5/6,5,615,-0.0034
H1,14,1.8,5.0,moderate,all,994,1658,1.18,37.2,0.0356,-847,3/6,122,1536,0.0029
H1,14,1.8,5.0,moderate,ny,344,366,1.14,37.2,0.0129,-433,3/6,-53,419,-0.0304
H1,14,1.8,5.0,conservative,all,646,2472,1.47,38.5,0.084,-367,6/6,341,2132,0.043
H1,14,1.8,5.0,conservative,ny,230,329,1.19,37.8,0.052,-294,5/6,52,276,-0.0002
H1,14,2.5,-,direct,all,1041,862,1.07,35.7,-0.0125,-1049,3/6,-481,1343,-0.0623
H1,14,2.5,-,direct,ny,378,502,1.14,36.2,-0.0246,-498,3/6,-289,792,-0.1072
H1,14,2.5,2.5,moderate,all,1041,862,1.07,35.7,-0.0125,-1049,3/6,-481,1343,-0.0623
H1,14,2.5,2.5,moderate,ny,378,502,1.14,36.2,-0.0246,-498,3/6,-289,792,-0.1072
H1,14,2.5,2.5,conservative,all,1041,862,1.07,35.7,-0.0125,-1049,3/6,-481,1343,-0.0623
H1,14,2.5,2.5,conservative,ny,378,502,1.14,36.2,-0.0246,-498,3/6,-289,792,-0.1072
H1,14,2.5,-,buy_only,all,520,1403,1.26,40.6,0.0729,-538,4/6,-229,1632,-0.0533
H1,14,2.5,-,buy_only,ny,195,149,1.07,38.5,0.008,-408,3/6,-270,419,-0.1418
H1,14,2.5,-,sell_only,all,521,-541,0.91,30.9,-0.0978,-1611,1/6,-252,-289,-0.0713
H1,14,2.5,-,sell_only,ny,183,353,1.22,33.9,-0.0594,-275,3/6,-20,373,-0.0713
H1,14,2.5,3.8,moderate,all,806,819,1.09,36.0,0.007,-801,3/6,-286,1105,-0.037
H1,14,2.5,3.8,moderate,ny,301,568,1.19,35.9,-0.0159,-516,3/6,-252,820,-0.1
H1,14,2.5,3.8,conservative,all,346,1002,1.26,37.6,0.0643,-430,5/6,149,853,0.0024
H1,14,2.5,3.8,conservative,ny,156,694,1.5,37.2,0.041,-212,5/6,15,678,-0.0641
H1,14,2.5,5.0,moderate,all,708,1250,1.16,39.1,0.0274,-1035,4/6,-155,1405,-0.0287
H1,14,2.5,5.0,moderate,ny,250,636,1.27,39.6,-0.0044,-300,3/6,-155,791,-0.0782
H1,14,2.5,5.0,conservative,all,373,1258,1.31,39.4,0.093,-510,5/6,211,1047,0.0478
H1,20,1.2,-,direct,all,2627,720,1.04,34.6,-0.0206,-1079,2/6,-617,1336,-0.0431
H1,20,1.2,-,direct,asia,442,696,1.21,32.1,-0.0322,-400,2/6,-220,916,-0.1174
H1,20,1.2,-,direct,ny,783,-529,0.9,38.2,-0.0125,-848,2/6,-74,-455,-0.0127
H1,20,1.2,2.5,moderate,all,1841,859,1.06,35.7,-0.0144,-874,3/6,-587,1446,-0.0472
H1,20,1.2,2.5,moderate,asia,245,506,1.24,33.5,0.0097,-286,4/6,-89,596,-0.0538
H1,20,1.2,2.5,moderate,ny,611,115,1.03,39.4,-0.0034,-454,3/6,-238,353,-0.0561
H1,20,1.2,2.5,conservative,all,974,-135,0.98,34.9,-0.0405,-705,2/6,-596,461,-0.0825
H1,20,1.2,2.5,conservative,ny,342,-19,0.99,38.9,-0.0183,-367,2/6,-268,248,-0.0906
H1,20,1.2,-,buy_only,all,1313,1325,1.15,36.9,0.0249,-638,4/6,-200,1525,-0.019
H1,20,1.2,-,buy_only,asia,254,530,1.3,33.9,-0.0071,-286,2/6,-154,684,-0.0658
H1,20,1.2,-,buy_only,ny,368,-231,0.91,41.0,0.0356,-501,4/6,74,-305,0.0371
H1,20,1.2,-,sell_only,all,1314,-605,0.94,32.3,-0.066,-1864,1/6,-417,-188,-0.0673
H1,20,1.2,-,sell_only,asia,188,165,1.11,29.8,-0.066,-229,2/6,-66,231,-0.195
H1,20,1.2,-,sell_only,ny,415,-298,0.89,35.7,-0.0551,-732,1/6,-148,-150,-0.0565
H1,20,1.2,3.8,moderate,all,1590,1224,1.11,34.8,0.0003,-586,3/6,-220,1444,-0.0388
H1,20,1.2,3.8,moderate,asia,194,811,1.59,32.5,0.0511,-191,4/6,-63,874,-0.0906
H1,20,1.2,3.8,moderate,ny,536,539,1.16,36.9,0.013,-303,5/6,-73,612,-0.0318
H1,20,1.2,3.8,conservative,all,1092,1212,1.16,34.6,0.002,-632,3/6,-334,1546,-0.0625
H1,20,1.2,3.8,conservative,asia,154,631,1.53,31.2,0.0488,-231,4/6,-19,650,-0.0933
H1,20,1.2,3.8,conservative,ny,366,324,1.15,37.4,0.0314,-239,3/6,-140,465,-0.0459
H1,20,1.2,5.0,moderate,all,1497,1188,1.11,34.5,0.0061,-840,2/6,-236,1424,-0.0312
H1,20,1.2,5.0,moderate,asia,205,675,1.44,31.2,0.0238,-297,5/6,37,638,-0.0176
H1,20,1.2,5.0,moderate,ny,487,191,1.07,38.2,0.0117,-325,3/6,-190,381,-0.0337
H1,20,1.2,5.0,conservative,all,1158,1681,1.21,35.1,0.0168,-675,3/6,-137,1818,-0.0277
H1,20,1.2,5.0,conservative,asia,165,627,1.51,30.9,0.0172,-248,5/6,22,605,-0.0217
H1,20,1.2,5.0,conservative,ny,386,126,1.05,38.1,0.023,-264,3/6,-124,249,-0.0301
H1,20,1.8,-,direct,all,1613,1990,1.14,35.5,0.0102,-764,4/6,99,1891,-0.0012
H1,20,1.8,-,direct,asia,210,464,1.17,35.2,0.0216,-571,3/6,-47,511,-0.0644
H1,20,1.8,-,direct,ny,504,325,1.09,37.3,0.0201,-516,3/6,138,187,0.0216
H1,20,1.8,2.5,moderate,all,1335,1454,1.12,36.3,0.0042,-702,5/6,-194,1648,-0.0278
H1,20,1.8,2.5,moderate,asia,162,569,1.29,34.6,0.0566,-268,4/6,0,569,0.0282
H1,20,1.8,2.5,moderate,ny,469,552,1.15,38.2,0.0071,-475,3/6,-113,666,-0.0344
H1,20,1.8,2.5,conservative,all,621,735,1.14,35.6,-0.0228,-442,3/6,-260,996,-0.0751
H1,20,1.8,2.5,conservative,ny,256,21,1.01,36.7,-0.0414,-402,3/6,-162,184,-0.0834
H1,20,1.8,-,buy_only,all,806,1903,1.27,38.2,0.078,-576,5/6,71,1832,0.0215
H1,20,1.8,-,buy_only,ny,238,196,1.11,40.3,0.0918,-355,3/6,204,-8,0.1244
H1,20,1.8,-,sell_only,all,807,87,1.01,32.7,-0.0575,-1491,2/6,28,59,-0.0237
H1,20,1.8,-,sell_only,ny,266,130,1.07,34.6,-0.044,-455,1/6,-66,195,-0.07
H1,20,1.8,3.8,moderate,all,1083,1383,1.14,35.2,0.0368,-641,4/6,122,1261,0.0099
H1,20,1.8,3.8,moderate,ny,378,714,1.24,36.0,0.0289,-361,3/6,-102,816,-0.0331
H1,20,1.8,3.8,conservative,all,593,2189,1.44,37.4,0.0977,-296,6/6,288,1901,0.0436
H1,20,1.8,3.8,conservative,ny,214,701,1.49,37.9,0.0994,-150,5/6,41,660,0.0155
H1,20,1.8,5.0,moderate,all,990,1543,1.17,36.9,0.0425,-844,4/6,108,1435,0.0103
H1,20,1.8,5.0,moderate,ny,320,467,1.21,36.6,0.0277,-347,3/6,-78,545,-0.0196
H1,20,1.8,5.0,conservative,all,648,2430,1.45,38.3,0.0929,-391,6/6,305,2125,0.0452
H1,20,1.8,5.0,conservative,ny,216,472,1.32,38.4,0.0723,-208,5/6,30,442,0.0077
H1,20,2.5,-,direct,all,1055,702,1.06,36.0,-0.0039,-839,5/6,-392,1094,-0.0382
H1,20,2.5,-,direct,ny,376,229,1.06,36.4,-0.0179,-527,3/6,-273,501,-0.0796
H1,20,2.5,2.5,moderate,all,1055,702,1.06,36.0,-0.0039,-839,5/6,-392,1094,-0.0382
H1,20,2.5,2.5,moderate,ny,376,229,1.06,36.4,-0.0179,-527,3/6,-273,501,-0.0796
H1,20,2.5,2.5,conservative,all,1055,702,1.06,36.0,-0.0039,-839,5/6,-392,1094,-0.0382
H1,20,2.5,2.5,conservative,ny,376,229,1.06,36.4,-0.0179,-527,3/6,-273,501,-0.0796
H1,20,2.5,-,buy_only,all,527,1398,1.24,39.8,0.0834,-699,4/6,-185,1583,-0.0291
H1,20,2.5,-,buy_only,ny,193,102,1.05,38.9,0.0264,-389,3/6,-199,301,-0.0986
H1,20,2.5,-,sell_only,all,528,-696,0.89,32.2,-0.091,-1634,2/6,-207,-489,-0.0472
H1,20,2.5,-,sell_only,ny,183,126,1.08,33.9,-0.0646,-356,3/6,-74,200,-0.0606
H1,20,2.5,3.8,moderate,all,804,629,1.07,36.9,0.0237,-661,5/6,-84,713,-0.0124
H1,20,2.5,3.8,moderate,ny,302,615,1.21,39.1,0.024,-342,3/6,-174,789,-0.0733
H1,20,2.5,3.8,conservative,all,350,1319,1.34,39.7,0.1026,-343,5/6,266,1053,0.0438
H1,20,2.5,3.8,conservative,ny,150,439,1.33,39.3,0.1044,-166,5/6,98,341,0.0104
H1,20,2.5,5.0,moderate,all,711,1259,1.15,39.2,0.0456,-786,5/6,-69,1328,-0.0043
H1,20,2.5,5.0,moderate,ny,238,359,1.16,39.5,0.0117,-285,3/6,-77,437,-0.0445
H1,20,2.5,5.0,conservative,all,383,1463,1.35,40.5,0.1117,-397,5/6,255,1208,0.0709
