masuk,keluar,arah,px_in,px_out,pnl,diblokir
2021-01-07 15:00:00+00:00,2021-01-08 17:00:00+00:00,-1,1909.938,1839.6180000000004,69.81999999999971,False
2021-01-12 14:00:00+00:00,2021-01-12 20:00:00+00:00,-1,1844.118,1854.125,-10.507000000000062,False
2021-01-13 21:00:00+00:00,2021-01-14 18:00:00+00:00,-1,1848.655,1855.225,-7.069999999999937,False
2021-01-15 14:00:00+00:00,2021-01-18 06:00:00+00:00,-1,1838.498,1838.415,-0.4169999999999163,False
2021-01-20 15:00:00+00:00,2021-01-21 14:00:00+00:00,1,1855.408,1860.845,4.9370000000001255,False
2021-01-28 02:00:00+00:00,2021-01-28 13:00:00+00:00,-1,1835.985,1850.493,-15.008000000000038,False
2021-01-28 14:00:00+00:00,2021-01-28 17:00:00+00:00,1,1856.915,1845.635,-11.779999999999973,False
2021-01-29 10:00:00+00:00,2021-01-29 18:00:00+00:00,1,1851.555,1851.995,-0.06000000000017275,False
2021-02-02 08:00:00+00:00,2021-02-05 09:00:00+00:00,-1,1848.155,1808.325,39.32999999999993,False
2021-02-10 08:00:00+00:00,2021-02-11 03:00:00+00:00,1,1845.665,1833.915,-12.25,False
2021-02-16 12:00:00+00:00,2021-02-16 16:00:00+00:00,-1,1816.038,1813.524,2.0140000000001237,False
2021-02-17 00:00:00+00:00,2021-02-18 09:00:00+00:00,-1,1788.285,1787.605,0.18000000000006366,False
2021-02-18 15:00:00+00:00,2021-02-19 14:00:00+00:00,-1,1775.675,1789.465,-14.289999999999964,False
2021-02-25 09:00:00+00:00,2021-02-26 15:00:00+00:00,-1,1790.415,1730.295,59.6199999999999,False
2021-03-01 12:00:00+00:00,2021-03-02 11:00:00+00:00,-1,1743.415,1727.725,15.190000000000055,False
2021-03-03 12:00:00+00:00,2021-03-08 00:00:00+00:00,-1,1724.155,1707.685,15.970000000000027,True
2021-03-08 09:00:00+00:00,2021-03-09 07:00:00+00:00,-1,1696.235,1692.849,2.8859999999999677,True
2021-03-17 05:00:00+00:00,2021-03-17 12:00:00+00:00,1,1736.717,1729.378,-7.839000000000169,False
2021-03-17 19:00:00+00:00,2021-03-18 08:00:00+00:00,1,1749.518,1739.474,-10.544000000000096,False
2021-03-22 07:00:00+00:00,2021-03-22 17:00:00+00:00,-1,1730.475,1740.248,-10.273000000000138,True
2021-03-23 14:00:00+00:00,2021-03-24 05:00:00+00:00,-1,1730.908,1733.375,-2.9670000000000982,True
2021-03-25 12:00:00+00:00,2021-03-25 13:00:00+00:00,-1,1728.368,1739.049,-11.18100000000004,True
2021-03-25 17:00:00+00:00,2021-03-26 15:00:00+00:00,-1,1728.175,1731.138,-3.4629999999999654,True
2021-03-29 07:00:00+00:00,2021-03-30 12:00:00+00:00,-1,1725.168,1679.2479999999998,45.42000000000007,True
2021-04-06 14:00:00+00:00,2021-04-07 03:00:00+00:00,1,1740.558,1736.388,-4.670000000000073,False
2021-04-08 06:00:00+00:00,2021-04-09 07:00:00+00:00,1,1743.035,1748.768,5.232999999999947,False
2021-04-12 14:00:00+00:00,2021-04-13 13:00:00+00:00,-1,1733.355,1744.938,-12.083000000000084,True
2021-04-15 07:00:00+00:00,2021-04-16 14:00:00+00:00,1,1745.785,1772.568,26.2829999999999,False
2021-04-19 01:00:00+00:00,2021-04-19 13:00:00+00:00,1,1782.038,1775.985,-6.553000000000111,True
2021-04-23 02:00:00+00:00,2021-04-23 14:00:00+00:00,1,1788.568,1777.328,-11.740000000000009,True
2021-04-27 02:00:00+00:00,2021-04-27 06:00:00+00:00,-1,1774.985,1782.998,-8.513000000000147,False
2021-04-27 22:00:00+00:00,2021-04-28 14:00:00+00:00,-1,1776.268,1773.628,2.1400000000001,False
2021-05-04 14:00:00+00:00,2021-05-04 15:00:00+00:00,1,1794.808,1780.628,-14.680000000000065,True
2021-05-04 16:00:00+00:00,2021-05-05 15:00:00+00:00,-1,1775.598,1782.855,-7.757000000000062,False
2021-05-11 16:00:00+00:00,2021-05-12 03:00:00+00:00,1,1833.248,1826.548,-7.200000000000046,True
2021-05-12 10:00:00+00:00,2021-05-12 12:00:00+00:00,1,1834.945,1825.915,-9.529999999999973,True
2021-05-17 15:00:00+00:00,2021-05-18 14:00:00+00:00,1,1864.478,1863.885,-1.0930000000000746,True
2021-05-19 07:00:00+00:00,2021-05-19 08:00:00+00:00,1,1872.935,1863.105,-10.329999999999927,True
2021-05-19 13:00:00+00:00,2021-05-19 19:00:00+00:00,1,1872.415,1863.139,-9.776000000000067,True
2021-05-20 15:00:00+00:00,2021-05-21 15:00:00+00:00,1,1877.855,1873.948,-4.406999999999925,True
2021-05-24 00:00:00+00:00,2021-05-24 09:00:00+00:00,1,1883.395,1877.488,-6.406999999999925,True
2021-05-25 07:00:00+00:00,2021-05-26 14:00:00+00:00,1,1884.778,1899.018,13.740000000000009,True
2021-05-27 06:00:00+00:00,2021-05-27 12:00:00+00:00,1,1901.668,1890.588,-11.579999999999927,True
2021-05-27 14:00:00+00:00,2021-05-28 14:00:00+00:00,-1,1891.638,1898.078,-6.940000000000054,False
2021-06-03 06:00:00+00:00,2021-06-03 13:00:00+00:00,-1,1901.465,1869.3329999999994,31.632000000000517,False
2021-06-07 15:00:00+00:00,2021-06-08 08:00:00+00:00,1,1891.878,1892.648,0.2699999999999818,True
2021-06-08 12:00:00+00:00,2021-06-08 13:00:00+00:00,1,1899.948,1889.557,-10.891000000000076,True
2021-06-08 14:00:00+00:00,2021-06-10 13:00:00+00:00,-1,1887.798,1890.858,-3.5599999999999454,False
2021-06-15 15:00:00+00:00,2021-06-16 18:00:00+00:00,-1,1859.698,1861.698,-2.5,False
2021-06-16 19:00:00+00:00,2021-06-18 08:00:00+00:00,-1,1834.918,1792.958,41.45999999999981,True
2021-06-18 13:00:00+00:00,2021-06-21 03:00:00+00:00,-1,1777.118,1775.713,0.9049999999999727,True
2021-06-22 08:00:00+00:00,2021-06-23 13:00:00+00:00,-1,1777.818,1789.995,-12.676999999999907,True
2021-06-23 14:00:00+00:00,2021-06-23 17:00:00+00:00,1,1794.228,1783.208,-11.519999999999982,False
2021-06-24 11:00:00+00:00,2021-06-24 17:00:00+00:00,1,1782.088,1776.588,-6.0,False
2021-06-25 16:00:00+00:00,2021-06-28 06:00:00+00:00,-1,1778.998,1785.558,-7.059999999999945,True
2021-06-28 10:00:00+00:00,2021-06-30 15:00:00+00:00,-1,1775.978,1765.458,10.019999999999982,True
2021-07-02 04:00:00+00:00,2021-07-06 16:00:00+00:00,1,1778.738,1796.505,17.267000000000053,False
2021-07-06 16:00:00+00:00,2021-07-07 02:00:00+00:00,-1,1796.505,1802.288,-6.282999999999902,True
2021-07-08 02:00:00+00:00,2021-07-08 07:00:00+00:00,-1,1799.658,1809.648,-10.490000000000009,True
2021-07-09 15:00:00+00:00,2021-07-12 04:00:00+00:00,1,1808.275,1802.878,-5.897000000000162,False
2021-07-13 13:00:00+00:00,2021-07-14 09:00:00+00:00,-1,1800.278,1813.918,-14.139999999999871,True
2021-07-16 15:00:00+00:00,2021-07-19 14:00:00+00:00,-1,1812.568,1815.248,-3.1800000000000637,True
2021-07-23 13:00:00+00:00,2021-07-26 15:00:00+00:00,1,1803.018,1801.548,-1.9700000000000273,False
2021-07-28 10:00:00+00:00,2021-07-28 19:00:00+00:00,-1,1799.168,1807.308,-8.6400000000001,True
2021-07-28 20:00:00+00:00,2021-07-30 13:00:00+00:00,1,1808.798,1822.848,13.549999999999955,False
2021-08-03 07:00:00+00:00,2021-08-04 12:00:00+00:00,-1,1808.998,1819.418,-10.919999999999845,False
2021-08-04 15:00:00+00:00,2021-08-08 22:00:00+00:00,-1,1811.568,1731.4199999999998,79.64800000000014,False
2021-08-09 17:00:00+00:00,2021-08-11 04:00:00+00:00,-1,1726.038,1733.788,-8.25,True
2021-08-12 23:00:00+00:00,2021-08-16 07:00:00+00:00,1,1753.788,1773.198,18.910000000000082,False
2021-08-16 14:00:00+00:00,2021-08-17 15:00:00+00:00,1,1786.538,1783.258,-3.7799999999999727,False
2021-08-18 11:00:00+00:00,2021-08-18 23:00:00+00:00,-1,1785.425,1788.158,-3.2329999999999472,False
2021-08-19 03:00:00+00:00,2021-08-19 09:00:00+00:00,-1,1780.798,1785.228,-4.930000000000064,False
2021-08-19 15:00:00+00:00,2021-08-20 07:00:00+00:00,-1,1780.452,1787.398,-7.445999999999914,False
2021-08-22 23:00:00+00:00,2021-08-23 02:00:00+00:00,-1,1778.078,1785.488,-7.910000000000082,True
2021-08-27 15:00:00+00:00,2021-08-30 16:00:00+00:00,1,1807.598,1810.098,2.0,True
2021-08-31 04:00:00+00:00,2021-08-31 13:00:00+00:00,1,1815.738,1807.618,-8.620000000000118,True
2021-08-31 18:00:00+00:00,2021-09-01 15:00:00+00:00,1,1814.408,1809.745,-5.163000000000011,True
2021-09-02 10:00:00+00:00,2021-09-02 12:00:00+00:00,1,1816.725,1810.528,-6.696999999999889,True
2021-09-03 12:00:00+00:00,2021-09-06 11:00:00+00:00,1,1814.605,1823.859,8.753999999999905,True
2021-09-09 14:00:00+00:00,2021-09-09 18:00:00+00:00,-1,1790.097,1796.878,-7.28099999999995,True
2021-09-14 10:00:00+00:00,2021-09-14 12:00:00+00:00,-1,1787.707,1794.768,-7.560999999999922,True
2021-09-14 13:00:00+00:00,2021-09-15 13:00:00+00:00,1,1797.158,1796.547,-1.1109999999998763,True
2021-09-17 13:00:00+00:00,2021-09-20 08:00:00+00:00,-1,1752.978,1754.208,-1.7300000000000182,True
2021-09-23 13:00:00+00:00,2021-09-24 06:00:00+00:00,-1,1763.638,1755.094,8.043999999999869,True
2021-09-24 13:00:00+00:00,2021-09-24 16:00:00+00:00,-1,1745.218,1752.538,-7.819999999999936,True
2021-09-27 14:00:00+00:00,2021-09-28 06:00:00+00:00,1,1755.934,1744.764,-11.670000000000073,False
2021-09-28 07:00:00+00:00,2021-09-29 09:00:00+00:00,-1,1740.828,1742.988,-2.660000000000082,True
2021-09-29 15:00:00+00:00,2021-09-30 04:00:00+00:00,-1,1728.278,1732.796,-5.018000000000029,True
2021-09-30 11:00:00+00:00,2021-09-30 12:00:00+00:00,-1,1724.006,1734.746,-11.240000000000009,True
2021-10-04 15:00:00+00:00,2021-10-05 04:00:00+00:00,1,1766.408,1759.868,-7.039999999999964,False
2021-10-05 16:00:00+00:00,2021-10-06 05:00:00+00:00,1,1760.745,1752.558,-8.686999999999898,False
2021-10-07 08:00:00+00:00,2021-10-07 12:00:00+00:00,1,1765.868,1755.685,-10.682999999999993,False
2021-10-08 12:00:00+00:00,2021-10-08 15:00:00+00:00,1,1761.618,1758.798,-3.3199999999999363,False
2021-10-13 14:00:00+00:00,2021-10-15 08:00:00+00:00,1,1781.544,1786.638,4.593999999999824,True
2021-10-22 07:00:00+00:00,2021-10-22 16:00:00+00:00,1,1793.027,1785.738,-7.788999999999987,True
2021-10-22 16:00:00+00:00,2021-10-25 14:00:00+00:00,-1,1785.738,1807.704,-22.465999999999894,False
2021-10-26 08:00:00+00:00,2021-10-27 13:00:00+00:00,-1,1800.548,1793.934,6.114000000000033,False
2021-11-02 16:00:00+00:00,2021-11-03 19:00:00+00:00,-1,1788.744,1772.508,15.735999999999876,False
2021-11-05 14:00:00+00:00,2021-11-10 08:00:00+00:00,1,1799.208,1824.103,24.394999999999982,True
2021-11-10 14:00:00+00:00,2021-11-10 19:00:00+00:00,1,1849.598,1846.438,-3.6599999999998545,True
2021-11-11 08:00:00+00:00,2021-11-12 09:00:00+00:00,1,1856.778,1853.148,-4.130000000000109,True
2021-11-12 15:00:00+00:00,2021-11-15 04:00:00+00:00,1,1858.384,1856.784,-2.099999999999909,True
2021-11-15 19:00:00+00:00,2021-11-16 15:00:00+00:00,1,1865.624,1859.428,-6.695999999999913,True
2021-11-19 18:00:00+00:00,2021-11-24 02:00:00+00:00,-1,1846.958,1794.848,51.61000000000012,False
2021-11-24 13:00:00+00:00,2021-11-25 01:00:00+00:00,-1,1785.785,1791.758,-6.472999999999956,True
2021-11-29 14:00:00+00:00,2021-11-30 06:00:00+00:00,-1,1786.805,1795.668,-9.362999999999829,True
2021-12-02 05:00:00+00:00,2021-12-03 04:00:00+00:00,-1,1776.635,1773.468,2.6669999999999163,True
2021-12-07 17:00:00+00:00,2021-12-08 13:00:00+00:00,1,1785.815,1784.505,-1.8099999999999454,False
2021-12-10 14:00:00+00:00,2021-12-13 14:00:00+00:00,1,1784.068,1783.028,-1.5399999999999636,False
2021-12-21 15:00:00+00:00,2021-12-22 13:00:00+00:00,-1,1792.118,1793.318,-1.7000000000000455,True
2021-12-30 12:00:00+00:00,2021-12-31 18:00:00+00:00,1,1802.485,1828.1929999999995,25.207999999999632,False
2022-01-05 20:00:00+00:00,2022-01-07 18:00:00+00:00,-1,1812.858,1795.818,16.539999999999964,False
2022-01-10 13:00:00+00:00,2022-01-10 20:00:00+00:00,-1,1791.777,1800.768,-9.490999999999985,True
2022-01-14 13:00:00+00:00,2022-01-17 08:00:00+00:00,-1,1820.748,1821.948,-1.7000000000000455,False
2022-01-18 04:00:00+00:00,2022-01-18 14:00:00+00:00,-1,1816.285,1819.668,-3.8829999999998113,False
2022-01-21 14:00:00+00:00,2022-01-21 16:00:00+00:00,1,1841.214,1834.474,-7.24000000000001,True
2022-01-24 05:00:00+00:00,2022-01-24 14:00:00+00:00,1,1837.758,1835.254,-3.004000000000133,True
2022-01-24 19:00:00+00:00,2022-01-26 08:00:00+00:00,1,1841.034,1843.858,2.3239999999998417,True
2022-02-02 10:00:00+00:00,2022-02-03 10:00:00+00:00,1,1802.068,1803.328,0.7599999999999909,False
2022-02-04 14:00:00+00:00,2022-02-07 00:00:00+00:00,-1,1795.258,1809.968,-15.210000000000036,True
2022-02-10 16:00:00+00:00,2022-02-10 20:00:00+00:00,1,1835.508,1829.688,-6.319999999999936,True
2022-02-15 09:00:00+00:00,2022-02-16 15:00:00+00:00,-1,1861.478,1861.748,-0.7699999999999818,False
2022-02-20 23:00:00+00:00,2022-02-21 05:00:00+00:00,1,1900.818,1891.748,-9.569999999999936,True
2022-02-21 19:00:00+00:00,2022-02-22 09:00:00+00:00,1,1904.668,1896.377,-8.79099999999994,True
2022-02-24 15:00:00+00:00,2022-02-25 03:00:00+00:00,-1,1934.498,1913.148,20.850000000000136,False
2022-02-25 13:00:00+00:00,2022-02-27 23:00:00+00:00,-1,1895.618,1921.478,-26.360000000000127,False
2022-02-28 08:00:00+00:00,2022-02-28 14:00:00+00:00,-1,1896.298,1917.138,-21.339999999999918,False
2022-02-28 17:00:00+00:00,2022-03-01 09:00:00+00:00,-1,1892.758,1918.158,-25.89999999999986,False
2022-03-03 20:00:00+00:00,2022-03-06 23:00:00+00:00,1,1935.158,1988.1659999999997,52.50799999999981,True
2022-03-07 19:00:00+00:00,2022-03-08 18:00:00+00:00,1,1992.208,2029.732,37.02399999999989,True
2022-03-11 06:00:00+00:00,2022-03-11 18:00:00+00:00,-1,1983.498,1986.648,-3.649999999999863,False
2022-03-14 09:00:00+00:00,2022-03-16 20:00:00+00:00,-1,1967.391,1927.738,39.15300000000002,False
2022-03-22 09:00:00+00:00,2022-03-23 09:00:00+00:00,-1,1924.528,1925.748,-1.7200000000000273,False
2022-03-24 12:00:00+00:00,2022-03-25 11:00:00+00:00,1,1956.374,1950.301,-6.573000000000093,True
2022-03-31 08:00:00+00:00,2022-03-31 20:00:00+00:00,1,1931.245,1936.588,4.843000000000075,True
2022-04-06 10:00:00+00:00,2022-04-11 14:00:00+00:00,1,1929.588,1951.228,21.1400000000001,False
2022-04-17 23:00:00+00:00,2022-04-18 15:00:00+00:00,1,1978.458,1983.798,4.839999999999918,True
2022-04-21 09:00:00+00:00,2022-04-21 19:00:00+00:00,-1,1947.033,1951.193,-4.660000000000082,False
2022-04-22 09:00:00+00:00,2022-04-25 12:00:00+00:00,-1,1943.692,1896.5320000000002,46.659999999999854,False
2022-04-27 09:00:00+00:00,2022-04-27 12:00:00+00:00,-1,1893.358,1906.878,-14.019999999999982,True
2022-04-29 20:00:00+00:00,2022-05-03 12:00:00+00:00,-1,1896.448,1863.738,32.210000000000036,True
2022-05-09 03:00:00+00:00,2022-05-10 04:00:00+00:00,-1,1874.498,1864.208,9.789999999999964,True
2022-05-10 15:00:00+00:00,2022-05-11 07:00:00+00:00,-1,1849.802,1844.048,5.253999999999905,True
2022-05-11 13:00:00+00:00,2022-05-11 15:00:00+00:00,-1,1839.373,1854.296,-15.423000000000004,True
2022-05-12 01:00:00+00:00,2022-05-12 12:00:00+00:00,1,1857.118,1842.318,-15.299999999999955,False
2022-05-16 08:00:00+00:00,2022-05-16 15:00:00+00:00,-1,1792.71,1812.128,-19.917999999999893,True
2022-05-18 12:00:00+00:00,2022-05-18 15:00:00+00:00,-1,1808.808,1820.343,-12.035000000000082,True
2022-05-22 22:00:00+00:00,2022-05-23 15:00:00+00:00,1,1844.686,1853.728,8.542000000000144,False
2022-05-24 08:00:00+00:00,2022-05-25 07:00:00+00:00,1,1859.939,1857.718,-2.7210000000000036,False
2022-05-26 05:00:00+00:00,2022-05-26 19:00:00+00:00,-1,1844.988,1851.733,-7.244999999999892,True
2022-05-29 23:00:00+00:00,2022-05-30 02:00:00+00:00,-1,1850.808,1856.563,-6.255000000000109,True
2022-05-31 15:00:00+00:00,2022-06-01 13:00:00+00:00,-1,1845.138,1844.158,0.4800000000000182,True
2022-06-08 15:00:00+00:00,2022-06-09 07:00:00+00:00,1,1856.073,1850.483,-6.0900000000001455,False
2022-06-10 15:00:00+00:00,2022-06-13 02:00:00+00:00,1,1855.778,1862.568,6.2899999999999645,False
2022-06-14 12:00:00+00:00,2022-06-15 06:00:00+00:00,-1,1817.058,1817.848,-1.2899999999999636,True
2022-06-15 19:00:00+00:00,2022-06-16 11:00:00+00:00,1,1830.648,1819.663,-11.4849999999999,False
2022-06-16 15:00:00+00:00,2022-06-17 04:00:00+00:00,1,1832.383,1842.063,9.180000000000064,False
2022-06-23 14:00:00+00:00,2022-06-23 16:00:00+00:00,1,1844.193,1833.066,-11.626999999999953,False
2022-06-30 15:00:00+00:00,2022-07-01 15:00:00+00:00,-1,1808.978,1800.628,7.850000000000136,True
2022-07-08 08:00:00+00:00,2022-07-08 14:00:00+00:00,-1,1736.419,1746.508,-10.588999999999942,True
2022-07-11 12:00:00+00:00,2022-07-13 15:00:00+00:00,-1,1734.778,1744.528,-10.25,True
2022-07-13 15:00:00+00:00,2022-07-14 01:00:00+00:00,1,1742.224,1728.094,-14.629999999999882,False
2022-07-18 16:00:00+00:00,2022-07-19 11:00:00+00:00,-1,1710.358,1716.871,-7.013000000000148,True
2022-07-19 13:00:00+00:00,2022-07-21 13:00:00+00:00,-1,1708.801,1706.658,1.643000000000029,True
2022-07-21 13:00:00+00:00,2022-07-22 19:00:00+00:00,1,1706.658,1723.54,16.382000000000062,False
2022-07-25 10:00:00+00:00,2022-07-25 13:00:00+00:00,1,1734.904,1719.768,-15.635999999999969,False
2022-07-26 02:00:00+00:00,2022-07-26 11:00:00+00:00,1,1726.908,1718.399,-9.009000000000015,False
2022-07-27 09:00:00+00:00,2022-07-27 13:00:00+00:00,1,1723.398,1713.578,-10.319999999999936,False
2022-07-27 14:00:00+00:00,2022-07-27 18:00:00+00:00,-1,1714.66,1725.048,-10.88799999999992,True
2022-07-27 19:00:00+00:00,2022-07-29 13:00:00+00:00,1,1734.932,1757.264,21.83199999999988,False
2022-07-29 16:00:00+00:00,2022-08-02 18:00:00+00:00,1,1765.784,1770.238,3.953999999999951,False
2022-08-03 15:00:00+00:00,2022-08-04 02:00:00+00:00,-1,1757.318,1768.038,-11.220000000000027,False
2022-08-10 10:00:00+00:00,2022-08-10 19:00:00+00:00,1,1794.114,1789.504,-5.110000000000127,True
2022-08-11 12:00:00+00:00,2022-08-11 17:00:00+00:00,1,1794.758,1788.854,-6.403999999999996,True
2022-08-12 14:00:00+00:00,2022-08-15 06:00:00+00:00,1,1797.984,1792.188,-6.295999999999822,True
2022-08-17 08:00:00+00:00,2022-08-18 10:00:00+00:00,-1,1773.444,1768.774,4.170000000000073,False
2022-08-18 15:00:00+00:00,2022-08-22 15:00:00+00:00,-1,1762.122,1737.314,24.307999999999993,True
2022-08-24 15:00:00+00:00,2022-08-25 14:00:00+00:00,1,1752.438,1753.304,0.36599999999998556,False
2022-08-31 19:00:00+00:00,2022-09-02 08:00:00+00:00,-1,1710.874,1703.588,6.786000000000057,True
2022-09-12 07:00:00+00:00,2022-09-13 02:00:00+00:00,1,1720.504,1723.548,2.5440000000000964,False
2022-09-13 11:00:00+00:00,2022-09-13 12:00:00+00:00,1,1728.118,1719.888,-8.730000000000018,False
2022-09-13 13:00:00+00:00,2022-09-16 11:00:00+00:00,-1,1703.729,1665.885,37.34400000000005,True
2022-09-19 15:00:00+00:00,2022-09-20 09:00:00+00:00,1,1671.938,1668.825,-3.6130000000000564,False
2022-09-21 19:00:00+00:00,2022-09-22 00:00:00+00:00,1,1685.805,1666.928,-19.376999999999953,False
2022-09-27 17:00:00+00:00,2022-09-28 11:00:00+00:00,-1,1629.348,1628.735,0.11300000000005639,True
2022-09-29 16:00:00+00:00,2022-09-30 12:00:00+00:00,1,1659.816,1663.168,2.851999999999862,False
2022-10-03 15:00:00+00:00,2022-10-05 09:00:00+00:00,1,1686.885,1714.642,27.257000000000065,False
2022-10-06 00:00:00+00:00,2022-10-06 09:00:00+00:00,1,1718.264,1714.004,-4.759999999999991,False
2022-10-11 16:00:00+00:00,2022-10-11 19:00:00+00:00,1,1681.518,1667.175,-14.843000000000075,False
2022-10-12 07:00:00+00:00,2022-10-13 12:00:00+00:00,1,1672.015,1661.265,-11.25,False
2022-10-13 13:00:00+00:00,2022-10-13 16:00:00+00:00,-1,1654.545,1665.678,-11.633000000000038,True
2022-10-14 10:00:00+00:00,2022-10-17 06:00:00+00:00,-1,1653.89,1653.678,-0.2880000000000109,True
2022-10-18 05:00:00+00:00,2022-10-18 09:00:00+00:00,1,1659.288,1649.868,-9.920000000000073,False
2022-10-25 14:00:00+00:00,2022-10-26 13:00:00+00:00,1,1659.118,1661.897,2.2789999999999964,False
2022-11-02 08:00:00+00:00,2022-11-02 15:00:00+00:00,1,1652.667,1649.408,-3.7590000000000146,False
2022-11-07 10:00:00+00:00,2022-11-08 05:00:00+00:00,1,1678.357,1669.988,-8.868999999999915,True
2022-11-08 15:00:00+00:00,2022-11-09 19:00:00+00:00,1,1678.967,1705.148,25.680999999999816,True
2022-11-10 14:00:00+00:00,2022-11-14 06:00:00+00:00,1,1732.927,1758.287,24.860000000000127,True
2022-11-14 15:00:00+00:00,2022-11-16 19:00:00+00:00,1,1768.958,1772.747,3.2889999999999877,True
2022-11-22 18:00:00+00:00,2022-11-23 08:00:00+00:00,-1,1739.357,1744.027,-5.170000000000073,False
2022-11-28 14:00:00+00:00,2022-11-29 04:00:00+00:00,-1,1753.317,1750.217,2.599999999999909,False
2022-11-30 20:00:00+00:00,2022-12-02 14:00:00+00:00,1,1767.647,1785.538,17.391000000000076,True
2022-12-02 14:00:00+00:00,2022-12-02 17:00:00+00:00,-1,1785.538,1795.418,-10.379999999999882,False
2022-12-06 18:00:00+00:00,2022-12-07 14:00:00+00:00,-1,1771.287,1780.728,-9.941000000000031,False
2022-12-12 16:00:00+00:00,2022-12-13 08:00:00+00:00,-1,1784.838,1787.858,-3.519999999999982,False
2022-12-20 04:00:00+00:00,2022-12-22 14:00:00+00:00,1,1792.098,1807.675,15.077,True
2023-01-03 15:00:00+00:00,2023-01-04 18:00:00+00:00,1,1844.728,1850.395,5.166999999999916,True
2023-01-06 14:00:00+00:00,2023-01-11 13:00:00+00:00,1,1851.625,1877.048,24.923000000000002,True
2023-01-12 02:00:00+00:00,2023-01-16 07:00:00+00:00,1,1880.455,1915.705,34.75,True
2023-01-23 01:00:00+00:00,2023-01-23 07:00:00+00:00,1,1932.115,1920.508,-12.106999999999971,True
2023-01-24 15:00:00+00:00,2023-01-24 20:00:00+00:00,-1,1921.185,1938.015,-17.330000000000155,False
2023-01-25 05:00:00+00:00,2023-01-25 16:00:00+00:00,-1,1928.355,1932.885,-5.029999999999973,False
2023-01-30 09:00:00+00:00,2023-01-31 14:00:00+00:00,-1,1923.215,1919.477,3.237999999999829,False
2023-02-06 16:00:00+00:00,2023-02-07 08:00:00+00:00,-1,1865.895,1876.035,-10.6400000000001,False
2023-02-09 09:00:00+00:00,2023-02-09 16:00:00+00:00,1,1883.725,1871.908,-12.317000000000007,True
2023-02-10 17:00:00+00:00,2023-02-14 07:00:00+00:00,-1,1858.008,1862.198,-4.690000000000055,True
2023-02-14 16:00:00+00:00,2023-02-16 18:00:00+00:00,-1,1852.235,1842.335,9.399999999999864,True
2023-02-17 01:00:00+00:00,2023-02-17 16:00:00+00:00,-1,1832.485,1834.642,-2.657000000000153,True
2023-02-21 16:00:00+00:00,2023-02-22 17:00:00+00:00,1,1838.658,1833.015,-6.142999999999802,False
2023-02-23 16:00:00+00:00,2023-02-27 14:00:00+00:00,-1,1823.394,1815.115,7.778999999999996,True
2023-02-28 08:00:00+00:00,2023-02-28 15:00:00+00:00,-1,1810.425,1820.055,-10.13000000000011,True
2023-03-03 01:00:00+00:00,2023-03-06 12:00:00+00:00,1,1839.325,1848.445,8.61999999999989,False
2023-03-08 21:00:00+00:00,2023-03-09 13:00:00+00:00,-1,1813.285,1824.185,-11.399999999999864,True
2023-03-09 14:00:00+00:00,2023-03-12 22:00:00+00:00,1,1825.055,1878.055,52.5,False
2023-03-15 11:00:00+00:00,2023-03-15 19:00:00+00:00,1,1908.515,1915.525,6.509999999999991,True
2023-03-16 12:00:00+00:00,2023-03-16 17:00:00+00:00,1,1926.835,1914.785,-12.549999999999955,True
2023-03-17 05:00:00+00:00,2023-03-20 07:00:00+00:00,1,1930.855,2001.2950000000005,69.94000000000051,True
2023-03-28 09:00:00+00:00,2023-03-28 12:00:00+00:00,-1,1950.215,1963.935,-14.220000000000027,False
2023-03-30 07:00:00+00:00,2023-03-31 09:00:00+00:00,1,1968.645,1975.015,5.870000000000118,True
2023-04-06 10:00:00+00:00,2023-04-06 13:00:00+00:00,1,2019.485,2007.915,-12.069999999999936,True
2023-04-06 14:00:00+00:00,2023-04-10 11:00:00+00:00,-1,2003.598,2001.785,1.3129999999998745,False
2023-04-10 13:00:00+00:00,2023-04-11 03:00:00+00:00,-1,1989.405,1997.705,-8.799999999999955,False
2023-04-12 13:00:00+00:00,2023-04-12 14:00:00+00:00,1,2022.175,2007.725,-14.950000000000045,True
2023-04-13 07:00:00+00:00,2023-04-14 09:00:00+00:00,1,2020.415,2035.594,14.679000000000087,True
2023-04-17 13:00:00+00:00,2023-04-18 06:00:00+00:00,-1,2000.465,2000.455,-0.4900000000000091,False
2023-04-19 07:00:00+00:00,2023-04-19 14:00:00+00:00,-1,1990.995,1990.535,-0.040000000000190994,False
2023-04-25 09:00:00+00:00,2023-04-25 13:00:00+00:00,-1,1988.358,1992.814,-4.956000000000131,False
2023-04-27 03:00:00+00:00,2023-04-27 12:00:00+00:00,1,1998.635,1983.198,-15.936999999999898,True
2023-05-01 02:00:00+00:00,2023-05-01 11:00:00+00:00,-1,1981.734,1988.485,-7.250999999999976,False
2023-05-04 15:00:00+00:00,2023-05-05 10:00:00+00:00,1,2055.105,2037.785,-17.819999999999936,True
2023-05-10 13:00:00+00:00,2023-05-10 15:00:00+00:00,1,2045.575,2024.965,-21.110000000000127,True
2023-05-11 14:00:00+00:00,2023-05-12 13:00:00+00:00,-1,2012.704,2014.054,-1.8500000000001364,False
2023-05-16 07:00:00+00:00,2023-05-19 03:00:00+00:00,-1,2007.124,1962.745,43.87900000000013,False
2023-05-19 15:00:00+00:00,2023-05-19 16:00:00+00:00,-1,1958.465,1968.614,-10.649000000000115,True
2023-05-19 16:00:00+00:00,2023-05-22 14:00:00+00:00,1,1974.694,1971.364,-3.8299999999999272,False
2023-05-26 15:00:00+00:00,2023-05-30 08:00:00+00:00,-1,1942.025,1942.164,-0.6389999999998963,True
2023-05-31 14:00:00+00:00,2023-06-01 07:00:00+00:00,1,1969.658,1961.455,-8.702999999999975,False
2023-06-01 11:00:00+00:00,2023-06-02 13:00:00+00:00,1,1966.515,1970.788,3.772999999999911,False
2023-06-05 15:00:00+00:00,2023-06-06 14:00:00+00:00,1,1957.425,1957.095,-0.8299999999999272,False
2023-06-07 10:00:00+00:00,2023-06-07 15:00:00+00:00,1,1964.405,1954.845,-10.059999999999945,False
2023-06-08 13:00:00+00:00,2023-06-09 20:00:00+00:00,1,1959.164,1960.065,0.4010000000000674,False
2023-06-12 09:00:00+00:00,2023-06-12 13:00:00+00:00,1,1964.745,1954.185,-11.059999999999945,False
2023-06-12 14:00:00+00:00,2023-06-13 00:00:00+00:00,-1,1952.005,1959.825,-8.319999999999936,True
2023-06-13 14:00:00+00:00,2023-06-14 10:00:00+00:00,-1,1954.055,1951.255,2.2999999999999545,True
2023-06-14 20:00:00+00:00,2023-06-15 14:00:00+00:00,-1,1944.795,1952.688,-8.393000000000029,True
2023-06-15 14:00:00+00:00,2023-06-16 16:00:00+00:00,1,1952.688,1956.195,3.0069999999998345,False
2023-06-20 13:00:00+00:00,2023-06-21 17:00:00+00:00,-1,1944.615,1933.185,10.930000000000064,True
2023-06-22 07:00:00+00:00,2023-06-23 08:00:00+00:00,-1,1928.015,1917.915,9.600000000000136,True
2023-06-26 08:00:00+00:00,2023-06-26 14:00:00+00:00,1,1928.785,1924.745,-4.540000000000191,False
2023-06-27 02:00:00+00:00,2023-06-27 11:00:00+00:00,1,1929.024,1920.855,-8.668999999999869,False
2023-06-27 15:00:00+00:00,2023-06-29 11:00:00+00:00,-1,1917.105,1909.735,6.870000000000118,True
2023-06-29 13:00:00+00:00,2023-06-29 14:00:00+00:00,-1,1896.005,1912.705,-17.199999999999818,True
2023-06-30 09:00:00+00:00,2023-06-30 12:00:00+00:00,-1,1901.714,1910.655,-9.441000000000031,True
2023-07-03 13:00:00+00:00,2023-07-04 17:00:00+00:00,1,1921.775,1924.105,1.8299999999999272,False
2023-07-05 10:00:00+00:00,2023-07-05 14:00:00+00:00,1,1928.875,1920.745,-8.63000000000011,False
2023-07-06 13:00:00+00:00,2023-07-07 10:00:00+00:00,-1,1906.165,1915.965,-10.299999999999955,True
2023-07-11 01:00:00+00:00,2023-07-14 07:00:00+00:00,1,1926.315,1956.455,29.639999999999873,False
2023-07-17 10:00:00+00:00,2023-07-17 12:00:00+00:00,1,1958.534,1950.485,-8.549000000000206,True
2023-07-17 13:00:00+00:00,2023-07-18 02:00:00+00:00,-1,1948.545,1957.085,-9.039999999999964,False
2023-07-24 14:00:00+00:00,2023-07-25 02:00:00+00:00,-1,1959.385,1962.515,-3.630000000000109,False
2023-07-26 19:00:00+00:00,2023-07-27 12:00:00+00:00,1,1977.068,1962.295,-15.27299999999991,True
2023-07-27 13:00:00+00:00,2023-07-28 04:00:00+00:00,-1,1960.165,1954.135,5.529999999999973,False
2023-08-02 13:00:00+00:00,2023-08-04 13:00:00+00:00,-1,1945.545,1938.915,6.130000000000109,False
2023-08-09 11:00:00+00:00,2023-08-10 10:00:00+00:00,-1,1925.115,1920.795,3.8199999999999363,True
2023-08-10 15:00:00+00:00,2023-08-11 09:00:00+00:00,-1,1914.858,1918.925,-4.567000000000007,True
2023-08-14 01:00:00+00:00,2023-08-15 15:00:00+00:00,-1,1910.905,1910.055,0.34999999999990894,True
2023-08-15 22:00:00+00:00,2023-08-17 07:00:00+00:00,-1,1900.915,1897.255,3.1599999999998545,True
2023-08-17 16:00:00+00:00,2023-08-18 01:00:00+00:00,-1,1889.425,1893.245,-4.319999999999936,True
2023-08-18 18:00:00+00:00,2023-08-21 03:00:00+00:00,-1,1888.885,1892.825,-4.440000000000055,True
2023-08-21 15:00:00+00:00,2023-08-21 23:00:00+00:00,-1,1886.745,1894.858,-8.613000000000056,True
2023-08-24 15:00:00+00:00,2023-08-25 03:00:00+00:00,1,1921.244,1914.678,-7.0659999999998035,False
2023-08-25 12:00:00+00:00,2023-08-25 14:00:00+00:00,1,1918.275,1912.695,-6.080000000000155,False
2023-08-25 15:00:00+00:00,2023-08-25 20:00:00+00:00,-1,1904.485,1914.275,-10.290000000000191,True
2023-08-29 14:00:00+00:00,2023-08-30 13:00:00+00:00,1,1920.884,1947.0,25.615999999999985,False
2023-09-01 10:00:00+00:00,2023-09-01 14:00:00+00:00,1,1944.165,1938.105,-6.559999999999945,True
2023-09-04 11:00:00+00:00,2023-09-06 14:00:00+00:00,-1,1940.395,1917.2350000000001,22.659999999999854,False
2023-09-06 15:00:00+00:00,2023-09-07 12:00:00+00:00,-1,1918.005,1921.755,-4.25,True
2023-09-08 13:00:00+00:00,2023-09-08 14:00:00+00:00,-1,1920.325,1927.155,-7.329999999999928,True
2023-09-08 14:00:00+00:00,2023-09-08 16:00:00+00:00,1,1928.535,1919.008,-10.027000000000044,False
2023-09-11 04:00:00+00:00,2023-09-11 15:00:00+00:00,1,1923.235,1922.475,-1.259999999999991,False
2023-09-13 22:00:00+00:00,2023-09-14 22:00:00+00:00,-1,1908.208,1910.068,-2.3599999999999,True
2023-09-18 17:00:00+00:00,2023-09-19 17:00:00+00:00,1,1930.985,1930.778,-0.70699999999988,True
2023-09-20 14:00:00+00:00,2023-09-20 19:00:00+00:00,1,1940.485,1940.325,-0.6599999999998545,True
2023-09-25 06:00:00+00:00,2023-09-27 12:00:00+00:00,-1,1921.578,1891.8299999999995,29.248000000000502,True
2023-09-29 15:00:00+00:00,2023-10-03 14:00:00+00:00,-1,1860.765,1828.815,31.450000000000045,True
2023-10-04 07:00:00+00:00,2023-10-04 13:00:00+00:00,-1,1818.935,1827.265,-8.830000000000155,True
2023-10-04 15:00:00+00:00,2023-10-05 01:00:00+00:00,-1,1818.325,1825.555,-7.730000000000018,True
2023-10-05 08:00:00+00:00,2023-10-06 14:00:00+00:00,-1,1820.695,1829.105,-8.910000000000082,True
2023-10-10 17:00:00+00:00,2023-10-12 14:00:00+00:00,1,1861.798,1873.735,11.436999999999898,False
2023-10-18 18:00:00+00:00,2023-10-20 17:00:00+00:00,1,1953.925,1982.535,28.11000000000013,True
2023-10-24 10:00:00+00:00,2023-10-24 16:00:00+00:00,-1,1966.445,1969.624,-3.6790000000000873,False
2023-10-26 18:00:00+00:00,2023-10-27 11:00:00+00:00,1,1986.885,1980.505,-6.879999999999882,True
2023-10-27 18:00:00+00:00,2023-10-30 07:00:00+00:00,1,1996.625,1995.525,-1.599999999999909,True
2023-10-31 11:00:00+00:00,2023-10-31 16:00:00+00:00,1,1999.845,1990.475,-9.870000000000118,True
2023-11-01 16:00:00+00:00,2023-11-02 00:00:00+00:00,-1,1979.145,1984.995,-6.349999999999909,False
2023-11-02 16:00:00+00:00,2023-11-03 10:00:00+00:00,-1,1981.055,1988.914,-8.358999999999924,False
2023-11-08 11:00:00+00:00,2023-11-09 15:00:00+00:00,-1,1961.955,1958.045,3.4099999999998545,False
2023-11-20 12:00:00+00:00,2023-11-20 19:00:00+00:00,-1,1973.295,1977.335,-4.539999999999964,False
2023-11-22 08:00:00+00:00,2023-11-22 15:00:00+00:00,1,2003.608,1995.358,-8.75,True
2023-11-23 04:00:00+00:00,2023-11-28 17:00:00+00:00,1,1997.735,2041.4549999999992,43.219999999999345,True
2023-11-29 19:00:00+00:00,2023-11-30 11:00:00+00:00,1,2047.684,2038.285,-9.898999999999887,True
2023-12-01 09:00:00+00:00,2023-12-01 12:00:00+00:00,1,2045.245,2036.985,-8.759999999999991,True
2023-12-01 16:00:00+00:00,2023-12-03 23:00:00+00:00,1,2049.245,2111.004999999999,61.259999999999316,True
2023-12-07 15:00:00+00:00,2023-12-13 10:00:00+00:00,-1,2026.158,1982.425,43.23299999999995,False
2023-12-26 02:00:00+00:00,2023-12-26 16:00:00+00:00,1,2063.265,2056.705,-7.059999999999945,True
2023-12-26 21:00:00+00:00,2023-12-28 09:00:00+00:00,1,2068.248,2077.345,8.596999999999753,True
2024-01-02 13:00:00+00:00,2024-01-04 00:00:00+00:00,-1,2067.815,2042.865,24.450000000000045,False
2024-01-04 14:00:00+00:00,2024-01-05 15:00:00+00:00,-1,2040.165,2050.855,-11.190000000000055,False
2024-01-09 18:00:00+00:00,2024-01-10 09:00:00+00:00,-1,2027.555,2035.165,-8.1099999999999,False
2024-01-10 15:00:00+00:00,2024-01-11 04:00:00+00:00,-1,2027.185,2030.795,-4.110000000000127,False
2024-01-11 17:00:00+00:00,2024-01-11 20:00:00+00:00,-1,2016.675,2026.355,-10.180000000000064,True
2024-01-15 03:00:00+00:00,2024-01-16 09:00:00+00:00,1,2056.295,2042.995,-13.800000000000182,True
2024-01-17 15:00:00+00:00,2024-01-18 13:00:00+00:00,-1,2011.995,2014.885,-3.3900000000001,True
2024-01-24 09:00:00+00:00,2024-01-24 15:00:00+00:00,1,2030.775,2022.565,-8.710000000000036,False
2024-01-26 16:00:00+00:00,2024-01-28 23:00:00+00:00,-1,2016.918,2026.715,-10.297000000000025,True
2024-01-29 21:00:00+00:00,2024-01-30 16:00:00+00:00,1,2032.485,2032.515,-0.4699999999997999,False
2024-01-31 14:00:00+00:00,2024-01-31 20:00:00+00:00,1,2041.845,2032.735,-9.610000000000127,True
2024-02-01 11:00:00+00:00,2024-02-01 15:00:00+00:00,-1,2031.795,2050.765,-19.4699999999998,False
2024-02-02 14:00:00+00:00,2024-02-06 06:00:00+00:00,-1,2031.595,2029.405,1.6900000000000546,True
2024-02-09 14:00:00+00:00,2024-02-12 19:00:00+00:00,-1,2026.925,2021.365,5.059999999999945,True
2024-02-13 14:00:00+00:00,2024-02-14 18:00:00+00:00,-1,2004.305,1994.305,9.5,True
2024-02-16 16:00:00+00:00,2024-02-21 16:00:00+00:00,1,2007.768,2024.105,15.836999999999989,False
2024-02-22 05:00:00+00:00,2024-02-22 14:00:00+00:00,1,2028.815,2025.525,-3.7899999999999636,False
2024-02-27 05:00:00+00:00,2024-02-27 17:00:00+00:00,1,2033.685,2033.045,-1.1399999999998727,False
2024-02-28 14:00:00+00:00,2024-02-29 11:00:00+00:00,1,2035.705,2030.655,-5.5499999999999545,False
2024-02-29 14:00:00+00:00,2024-03-01 09:00:00+00:00,1,2047.555,2039.725,-8.330000000000155,True
2024-03-01 11:00:00+00:00,2024-03-01 15:00:00+00:00,1,2054.775,2046.275,-9.0,True
2024-03-01 16:00:00+00:00,2024-03-08 17:00:00+00:00,1,2069.064,2189.6599999999994,120.09599999999955,True
2024-03-15 13:00:00+00:00,2024-03-18 10:00:00+00:00,-1,2161.695,2154.785,6.410000000000309,False
2024-03-19 09:00:00+00:00,2024-03-19 23:00:00+00:00,-1,2153.055,2158.544,-5.989000000000033,False
2024-03-20 13:00:00+00:00,2024-03-20 14:00:00+00:00,-1,2153.155,2160.135,-7.480000000000018,False
2024-03-20 19:00:00+00:00,2024-03-21 14:00:00+00:00,1,2181.908,2191.785,9.376999999999953,True
2024-03-22 17:00:00+00:00,2024-03-25 02:00:00+00:00,-1,2162.545,2175.105,-13.059999999999945,False
2024-04-01 23:00:00+00:00,2024-04-03 08:00:00+00:00,1,2253.415,2271.065,17.15000000000009,True
2024-04-03 16:00:00+00:00,2024-04-04 13:00:00+00:00,1,2286.215,2288.115,1.3999999999996364,True
2024-04-04 19:00:00+00:00,2024-04-04 20:00:00+00:00,1,2304.005,2284.725,-19.7800000000002,True
2024-04-08 03:00:00+00:00,2024-04-09 16:00:00+00:00,1,2348.015,2340.218,-8.297000000000025,True
2024-04-11 09:00:00+00:00,2024-04-11 13:00:00+00:00,-1,2327.858,2346.765,-19.406999999999698,False
2024-04-16 17:00:00+00:00,2024-04-17 16:00:00+00:00,1,2397.405,2362.844,-35.06100000000015,True
2024-04-19 16:00:00+00:00,2024-04-22 02:00:00+00:00,1,2394.715,2372.805,-22.41000000000031,True
2024-04-25 04:00:00+00:00,2024-04-25 08:00:00+00:00,-1,2313.084,2325.555,-12.971000000000004,False
2024-04-30 04:00:00+00:00,2024-05-01 12:00:00+00:00,-1,2329.045,2294.445,34.09999999999991,False
2024-05-03 14:00:00+00:00,2024-05-06 02:00:00+00:00,-1,2289.785,2308.245,-18.960000000000036,False
2024-05-08 16:00:00+00:00,2024-05-09 10:00:00+00:00,1,2320.265,2307.485,-13.279999999999744,True
2024-05-09 13:00:00+00:00,2024-05-10 15:00:00+00:00,1,2326.585,2360.615,33.529999999999745,True
2024-05-15 15:00:00+00:00,2024-05-16 13:00:00+00:00,1,2373.675,2379.065,4.889999999999873,True
2024-05-17 07:00:00+00:00,2024-05-20 05:00:00+00:00,1,2385.858,2445.9100000000017,59.552000000001506,True
2024-05-20 18:00:00+00:00,2024-05-21 03:00:00+00:00,1,2435.185,2407.145,-28.539999999999964,True
2024-05-22 05:00:00+00:00,2024-05-23 20:00:00+00:00,-1,2412.644,2327.867999999998,84.27600000000166,False
2024-05-28 07:00:00+00:00,2024-05-28 13:00:00+00:00,-1,2341.675,2358.388,-17.212999999999738,False
2024-06-06 16:00:00+00:00,2024-06-07 08:00:00+00:00,1,2374.128,2353.305,-21.32300000000032,True
2024-06-07 09:00:00+00:00,2024-06-10 16:00:00+00:00,-1,2347.105,2307.525,39.07999999999993,True
2024-06-11 06:00:00+00:00,2024-06-11 12:00:00+00:00,-1,2299.465,2313.655,-14.690000000000055,True
2024-06-13 16:00:00+00:00,2024-06-14 08:00:00+00:00,-1,2298.795,2315.215,-16.920000000000073,True
2024-06-20 14:00:00+00:00,2024-06-21 14:00:00+00:00,1,2349.295,2340.325,-9.470000000000255,True
2024-06-21 14:00:00+00:00,2024-06-24 17:00:00+00:00,-1,2340.325,2331.575,8.25,False
2024-06-25 04:00:00+00:00,2024-06-25 10:00:00+00:00,-1,2323.985,2334.595,-11.109999999999673,True
2024-06-25 13:00:00+00:00,2024-06-27 09:00:00+00:00,-1,2324.045,2307.465,16.079999999999927,True
2024-07-01 11:00:00+00:00,2024-07-01 15:00:00+00:00,1,2332.605,2323.995,-9.110000000000127,False
2024-07-02 14:00:00+00:00,2024-07-08 07:00:00+00:00,1,2334.258,2376.815,42.057000000000244,False
2024-07-09 15:00:00+00:00,2024-07-10 02:00:00+00:00,-1,2354.848,2368.175,-13.827000000000226,False
2024-07-11 05:00:00+00:00,2024-07-12 07:00:00+00:00,1,2381.838,2404.015,21.67699999999968,True
2024-07-12 15:00:00+00:00,2024-07-15 07:00:00+00:00,1,2408.865,2403.115,-6.25,True
2024-07-15 11:00:00+00:00,2024-07-15 18:00:00+00:00,1,2414.664,2421.405,6.2409999999999854,True
2024-07-16 06:00:00+00:00,2024-07-17 15:00:00+00:00,1,2431.805,2463.588,31.283000000000357,True
2024-07-18 07:00:00+00:00,2024-07-18 16:00:00+00:00,1,2471.325,2461.208,-10.616999999999734,True
2024-07-22 12:00:00+00:00,2024-07-23 01:00:00+00:00,-1,2397.935,2399.795,-2.3600000000001273,False
2024-07-23 07:00:00+00:00,2024-07-23 08:00:00+00:00,-1,2390.235,2403.875,-14.139999999999871,False
2024-07-30 07:00:00+00:00,2024-08-01 09:00:00+00:00,1,2390.375,2433.714,42.83899999999994,False
2024-08-01 13:00:00+00:00,2024-08-01 18:00:00+00:00,1,2450.605,2439.215,-11.889999999999873,True
2024-08-02 03:00:00+00:00,2024-08-02 14:00:00+00:00,1,2455.324,2431.895,-23.929000000000087,True
2024-08-02 15:00:00+00:00,2024-08-05 04:00:00+00:00,-1,2431.408,2450.835,-19.927000000000135,False
2024-08-05 07:00:00+00:00,2024-08-05 20:00:00+00:00,-1,2428.384,2407.625,20.259000000000015,False
2024-08-06 13:00:00+00:00,2024-08-07 12:00:00+00:00,-1,2392.878,2400.915,-8.536999999999807,False
2024-08-07 19:00:00+00:00,2024-08-08 07:00:00+00:00,-1,2386.125,2397.595,-11.9699999999998,False
2024-08-13 14:00:00+00:00,2024-08-14 02:00:00+00:00,1,2472.714,2458.365,-14.849000000000162,True
2024-08-15 13:00:00+00:00,2024-08-15 16:00:00+00:00,-1,2441.075,2458.328,-17.753000000000156,False
2024-08-19 16:00:00+00:00,2024-08-20 16:00:00+00:00,1,2503.848,2508.368,4.019999999999982,True
2024-08-21 03:00:00+00:00,2024-08-21 10:00:00+00:00,1,2519.244,2505.514,-14.230000000000016,True
2024-08-22 05:00:00+00:00,2024-08-23 04:00:00+00:00,-1,2501.795,2493.095,8.200000000000273,False
2024-08-29 16:00:00+00:00,2024-08-30 04:00:00+00:00,1,2522.455,2513.365,-9.590000000000146,True
2024-08-30 09:00:00+00:00,2024-08-30 14:00:00+00:00,1,2522.805,2512.035,-11.269999999999982,True
2024-09-03 12:00:00+00:00,2024-09-03 22:00:00+00:00,-1,2489.558,2492.495,-3.436999999999898,False
2024-09-04 07:00:00+00:00,2024-09-04 11:00:00+00:00,-1,2484.145,2488.865,-5.2199999999998,False
2024-09-06 04:00:00+00:00,2024-09-06 13:00:00+00:00,1,2518.155,2503.805,-14.850000000000366,True
2024-09-12 05:00:00+00:00,2024-09-13 13:00:00+00:00,1,2516.868,2581.0400000000004,63.67200000000048,True
2024-09-18 18:00:00+00:00,2024-09-19 06:00:00+00:00,-1,2567.318,2574.425,-7.606999999999972,False
2024-09-19 17:00:00+00:00,2024-09-23 08:00:00+00:00,1,2591.605,2615.018,22.91300000000001,True
2024-09-23 14:00:00+00:00,2024-09-24 06:00:00+00:00,1,2631.765,2625.285,-6.980000000000017,True
2024-09-24 15:00:00+00:00,2024-09-26 14:00:00+00:00,1,2643.448,2660.505,16.557000000000244,True
2024-09-30 08:00:00+00:00,2024-10-01 06:00:00+00:00,-1,2650.788,2642.975,7.313000000000102,False
2024-10-02 23:00:00+00:00,2024-10-03 08:00:00+00:00,1,2659.334,2645.068,-14.76599999999962,True
2024-10-03 17:00:00+00:00,2024-10-04 12:00:00+00:00,1,2659.985,2636.255,-24.230000000000018,True
2024-10-04 13:00:00+00:00,2024-10-04 15:00:00+00:00,-1,2638.785,2667.675,-29.390000000000327,False
2024-10-07 13:00:00+00:00,2024-10-08 12:00:00+00:00,-1,2639.905,2650.695,-11.289999999999964,False
2024-10-08 15:00:00+00:00,2024-10-10 13:00:00+00:00,-1,2620.925,2624.924,-4.498999999999796,False
2024-10-14 05:00:00+00:00,2024-10-14 15:00:00+00:00,1,2659.035,2645.585,-13.949999999999818,True
2024-10-15 09:00:00+00:00,2024-10-16 16:00:00+00:00,1,2653.805,2669.878,15.57300000000032,True
2024-10-17 02:00:00+00:00,2024-10-21 15:00:00+00:00,1,2682.915,2725.155,41.74000000000024,True
2024-10-22 04:00:00+00:00,2024-10-23 13:00:00+00:00,1,2730.795,2743.225,11.929999999999836,True
2024-10-25 04:00:00+00:00,2024-10-25 13:00:00+00:00,-1,2725.875,2731.415,-6.039999999999964,False
2024-10-28 07:00:00+00:00,2024-10-28 10:00:00+00:00,1,2740.435,2729.165,-11.769999999999982,True
2024-10-28 15:00:00+00:00,2024-10-31 13:00:00+00:00,1,2744.125,2773.555,28.92999999999984,True
2024-11-01 16:00:00+00:00,2024-11-04 14:00:00+00:00,-1,2744.625,2746.625,-2.5,False
2024-11-05 03:00:00+00:00,2024-11-05 09:00:00+00:00,-1,2728.345,2742.415,-14.570000000000164,False
2024-11-06 04:00:00+00:00,2024-11-06 13:00:00+00:00,-1,2734.105,2671.025,62.57999999999993,False
2024-11-12 18:00:00+00:00,2024-11-13 03:00:00+00:00,-1,2597.345,2612.025,-15.18000000000029,True
2024-11-13 17:00:00+00:00,2024-11-14 15:00:00+00:00,-1,2585.735,2559.505,25.730000000000018,True
2024-11-20 14:00:00+00:00,2024-11-22 09:00:00+00:00,1,2635.924,2704.8,68.3760000000002,False
2024-11-22 17:00:00+00:00,2024-11-25 03:00:00+00:00,1,2705.015,2672.995,-32.51999999999998,True
2024-11-25 15:00:00+00:00,2024-11-27 03:00:00+00:00,-1,2641.195,2637.445,3.25,True
2024-11-28 09:00:00+00:00,2024-11-29 19:00:00+00:00,1,2643.935,2652.464,8.028999999999996,False
2024-12-04 13:00:00+00:00,2024-12-04 14:00:00+00:00,-1,2636.885,2651.285,-14.899999999999636,True
2024-12-04 16:00:00+00:00,2024-12-05 15:00:00+00:00,1,2654.865,2632.315,-23.049999999999727,False
2024-12-11 14:00:00+00:00,2024-12-12 03:00:00+00:00,1,2700.955,2705.705,4.25,True
2024-12-17 07:00:00+00:00,2024-12-18 01:00:00+00:00,-1,2648.745,2649.885,-1.6400000000003274,True
2024-12-18 15:00:00+00:00,2024-12-18 23:00:00+00:00,-1,2637.865,2583.2249999999985,54.140000000001244,True
2024-12-26 01:00:00+00:00,2024-12-27 09:00:00+00:00,1,2621.448,2626.048,4.099999999999909,False
2024-12-30 09:00:00+00:00,2024-12-31 08:00:00+00:00,-1,2611.765,2613.615,-2.349999999999909,True
2025-01-06 14:00:00+00:00,2025-01-06 17:00:00+00:00,-1,2624.048,2640.665,-17.11700000000019,True
2025-01-08 14:00:00+00:00,2025-01-08 18:00:00+00:00,1,2660.025,2655.424,-5.101000000000113,True
2025-01-09 11:00:00+00:00,2025-01-13 11:00:00+00:00,1,2667.274,2679.295,11.521000000000186,True
2025-01-15 18:00:00+00:00,2025-01-17 08:00:00+00:00,1,2692.595,2710.465,17.370000000000346,True
2025-01-17 16:00:00+00:00,2025-01-17 19:00:00+00:00,1,2714.275,2705.445,-9.329999999999927,True
2025-01-23 17:00:00+00:00,2025-01-24 21:00:00+00:00,1,2753.598,2770.875,16.777000000000044,True
2025-01-27 15:00:00+00:00,2025-01-28 14:00:00+00:00,-1,2751.015,2748.648,1.8669999999997344,False
2025-01-30 00:00:00+00:00,2025-01-31 19:00:00+00:00,1,2760.035,2798.725,38.190000000000055,True
2025-02-10 03:00:00+00:00,2025-02-11 09:00:00+00:00,1,2873.735,2907.195,32.960000000000036,True
2025-02-20 01:00:00+00:00,2025-02-20 14:00:00+00:00,1,2940.695,2933.808,-7.387000000000171,True
2025-02-25 05:00:00+00:00,2025-02-26 00:00:00+00:00,-1,2936.625,2918.485,17.639999999999873,False
2025-02-26 14:00:00+00:00,2025-02-26 19:00:00+00:00,-1,2905.765,2914.725,-9.460000000000036,False
2025-02-27 05:00:00+00:00,2025-03-03 00:00:00+00:00,-1,2897.155,2870.608,26.047000000000025,False
2025-03-05 17:00:00+00:00,2025-03-06 09:00:00+00:00,1,2923.605,2894.145,-29.960000000000036,True
2025-03-06 15:00:00+00:00,2025-03-07 18:00:00+00:00,1,2915.115,2907.945,-7.669999999999618,True
2025-03-17 10:00:00+00:00,2025-03-17 13:00:00+00:00,1,2995.465,2986.975,-8.990000000000236,True
2025-03-17 22:00:00+00:00,2025-03-19 09:00:00+00:00,1,3000.098,3024.848,24.25,True
2025-03-19 19:00:00+00:00,2025-03-20 11:00:00+00:00,1,3046.705,3034.015,-13.190000000000055,True
2025-03-20 23:00:00+00:00,2025-03-21 04:00:00+00:00,1,3045.548,3030.308,-15.739999999999782,True
2025-03-24 15:00:00+00:00,2025-03-25 09:00:00+00:00,-1,3011.835,3021.055,-9.7199999999998,False
2025-03-26 04:00:00+00:00,2025-03-26 07:00:00+00:00,-1,3017.358,3026.035,-9.17699999999968,False
2025-03-26 14:00:00+00:00,2025-03-27 02:00:00+00:00,-1,3016.448,3031.945,-15.9970000000003,False
2025-04-02 11:00:00+00:00,2025-04-02 20:00:00+00:00,-1,3114.105,3135.525,-21.920000000000073,False
2025-04-04 09:00:00+00:00,2025-04-04 11:00:00+00:00,-1,3083.858,3119.705,-36.34699999999975,False
2025-04-07 16:00:00+00:00,2025-04-08 07:00:00+00:00,-1,2987.293,3013.225,-26.43199999999979,False
2025-04-08 17:00:00+00:00,2025-04-09 02:00:00+00:00,-1,2985.905,3007.912,-22.506999999999607,False
2025-04-15 05:00:00+00:00,2025-04-17 02:00:00+00:00,1,3231.645,3323.635,91.49000000000024,True
2025-04-23 06:00:00+00:00,2025-04-24 01:00:00+00:00,-1,3318.675,3331.435,-13.259999999999764,False
2025-04-25 04:00:00+00:00,2025-04-27 22:00:00+00:00,-1,3323.315,3324.265,-1.449999999999818,False
2025-04-28 02:00:00+00:00,2025-04-28 15:00:00+00:00,-1,3281.135,3328.295,-47.659999999999854,False
2025-04-30 23:00:00+00:00,2025-05-02 03:00:00+00:00,-1,3273.249,3248.085,24.66399999999976,False
2025-05-02 16:00:00+00:00,2025-05-05 01:00:00+00:00,-1,3231.445,3268.805,-37.85999999999967,False
2025-05-08 06:00:00+00:00,2025-05-09 07:00:00+00:00,-1,3355.005,3325.175,29.329999999999927,False
2025-05-11 23:00:00+00:00,2025-05-13 05:00:00+00:00,-1,3272.275,3252.405,19.36999999999989,False
2025-05-13 14:00:00+00:00,2025-05-15 09:00:00+00:00,-1,3227.255,3162.185,64.57000000000016,False
2025-05-20 09:00:00+00:00,2025-05-22 09:00:00+00:00,1,3235.615,3310.965,74.85000000000036,False
2025-05-28 15:00:00+00:00,2025-05-29 08:00:00+00:00,-1,3302.395,3286.175,15.7199999999998,False
2025-06-04 12:00:00+00:00,2025-06-04 14:00:00+00:00,-1,3346.415,3372.445,-26.530000000000204,False
2025-06-06 14:00:00+00:00,2025-06-09 07:00:00+00:00,-1,3342.935,3324.199,18.235999999999876,False
2025-06-10 01:00:00+00:00,2025-06-10 07:00:00+00:00,-1,3316.398,3325.255,-9.356999999999971,False
2025-06-11 04:00:00+00:00,2025-06-11 18:00:00+00:00,1,3339.098,3324.095,-15.503000000000158,True
2025-06-11 20:00:00+00:00,2025-06-12 08:00:00+00:00,1,3346.518,3345.875,-1.143000000000029,True
2025-06-12 11:00:00+00:00,2025-06-16 06:00:00+00:00,1,3382.308,3421.348,38.539999999999964,True
2025-06-18 20:00:00+00:00,2025-06-19 11:00:00+00:00,-1,3366.598,3374.795,-8.697000000000116,False
2025-06-20 03:00:00+00:00,2025-06-20 14:00:00+00:00,-1,3352.275,3370.048,-18.272999999999683,False
2025-06-23 01:00:00+00:00,2025-06-23 12:00:00+00:00,-1,3365.435,3380.585,-15.650000000000091,False
2025-06-23 12:00:00+00:00,2025-06-23 23:00:00+00:00,1,3380.585,3346.675,-34.409999999999854,True
2025-06-25 14:00:00+00:00,2025-06-25 17:00:00+00:00,-1,3314.218,3334.605,-20.88700000000017,True
2025-06-26 12:00:00+00:00,2025-06-27 13:00:00+00:00,-1,3332.655,3263.1750000000006,68.97999999999956,False
2025-07-02 13:00:00+00:00,2025-07-03 01:00:00+00:00,1,3346.408,3344.555,-2.3530000000000655,True
2025-07-03 06:00:00+00:00,2025-07-03 10:00:00+00:00,1,3359.155,3345.548,-14.107000000000427,True
2025-07-07 00:00:00+00:00,2025-07-07 16:00:00+00:00,-1,3328.685,3320.635,7.549999999999727,True
2025-07-11 03:00:00+00:00,2025-07-14 13:00:00+00:00,1,3332.215,3349.865,17.149999999999636,False
2025-07-15 04:00:00+00:00,2025-07-15 13:00:00+00:00,1,3357.665,3340.755,-17.409999999999854,True
2025-07-16 14:00:00+00:00,2025-07-16 15:00:00+00:00,-1,3326.559,3342.775,-16.715999999999894,True
2025-07-17 07:00:00+00:00,2025-07-17 15:00:00+00:00,-1,3335.245,3333.965,0.7799999999997453,False
2025-07-22 13:00:00+00:00,2025-07-23 14:00:00+00:00,1,3407.369,3412.958,5.088999999999942,True
2025-07-28 14:00:00+00:00,2025-07-29 09:00:00+00:00,-1,3302.075,3326.155,-24.580000000000382,True
2025-07-30 13:00:00+00:00,2025-07-31 02:00:00+00:00,-1,3313.098,3293.605,18.992999999999938,True
2025-08-01 13:00:00+00:00,2025-08-05 07:00:00+00:00,1,3341.075,3366.005,24.43000000000029,False
2025-08-06 15:00:00+00:00,2025-08-07 10:00:00+00:00,1,3379.175,3376.575,-3.100000000000364,True
2025-08-07 18:00:00+00:00,2025-08-11 01:00:00+00:00,1,3392.045,3371.498,-21.047000000000025,True
2025-08-14 08:00:00+00:00,2025-08-18 02:00:00+00:00,-1,3345.835,3346.685,-1.349999999999909,True
2025-08-19 11:00:00+00:00,2025-08-19 13:00:00+00:00,1,3343.448,3325.885,-18.062999999999647,False
2025-08-22 05:00:00+00:00,2025-08-22 14:00:00+00:00,-1,3328.165,3347.935,-20.269999999999982,False
2025-08-22 15:00:00+00:00,2025-08-26 00:00:00+00:00,1,3373.655,3354.725,-19.43000000000029,True
2025-08-26 01:00:00+00:00,2025-08-27 05:00:00+00:00,1,3383.039,3374.785,-8.75400000000036,True
2025-08-27 16:00:00+00:00,2025-08-28 02:00:00+00:00,1,3387.795,3385.745,-2.550000000000182,True
2025-08-28 09:00:00+00:00,2025-08-29 10:00:00+00:00,1,3400.555,3407.275,6.220000000000255,True
2025-08-29 13:00:00+00:00,2025-09-01 02:00:00+00:00,1,3416.365,3465.084999999999,48.219999999999345,True
2025-09-02 15:00:00+00:00,2025-09-04 02:00:00+00:00,1,3510.815,3545.918,34.603000000000065,True
2025-09-10 10:00:00+00:00,2025-09-11 03:00:00+00:00,1,3655.025,3637.165,-18.360000000000127,True
2025-09-15 04:00:00+00:00,2025-09-17 02:00:00+00:00,1,3645.915,3679.265,32.84999999999991,True
2025-09-17 19:00:00+00:00,2025-09-18 09:00:00+00:00,-1,3649.945,3665.345,-15.899999999999636,False
2025-09-18 14:00:00+00:00,2025-09-19 05:00:00+00:00,-1,3641.925,3658.615,-17.1899999999996,False
2025-09-24 08:00:00+00:00,2025-09-24 14:00:00+00:00,1,3777.245,3750.329,-27.415999999999713,True
2025-09-25 13:00:00+00:00,2025-09-25 19:00:00+00:00,-1,3738.585,3755.005,-16.920000000000073,False
2025-09-29 01:00:00+00:00,2025-09-30 08:00:00+00:00,1,3786.895,3843.675,56.2800000000002,True
2025-10-02 11:00:00+00:00,2025-10-02 14:00:00+00:00,1,3881.475,3852.635,-29.339999999999694,True
2025-10-02 15:00:00+00:00,2025-10-03 00:00:00+00:00,-1,3839.645,3862.105,-22.960000000000036,False
2025-10-07 13:00:00+00:00,2025-10-08 23:00:00+00:00,1,3979.295,4021.048,41.2529999999997,True
2025-10-09 05:00:00+00:00,2025-10-09 14:00:00+00:00,1,4038.555,4016.779,-22.27599999999984,True
2025-10-14 23:00:00+00:00,2025-10-16 06:00:00+00:00,1,4158.209,4204.295,45.58600000000024,True
2025-10-16 15:00:00+00:00,2025-10-17 02:00:00+00:00,1,4263.055,4313.735,50.17999999999938,True
2025-10-17 05:00:00+00:00,2025-10-17 12:00:00+00:00,1,4376.135,4286.775,-89.86000000000058,True
2025-10-22 09:00:00+00:00,2025-10-22 20:00:00+00:00,-1,4069.925,4101.885,-32.460000000000036,False
2025-10-24 07:00:00+00:00,2025-10-24 14:00:00+00:00,-1,4091.708,4105.425,-14.217000000000098,False
2025-10-26 23:00:00+00:00,2025-10-28 15:00:00+00:00,-1,4081.188,3949.525,131.163,False
2025-11-03 06:00:00+00:00,2025-11-04 05:00:00+00:00,1,4013.698,3985.335,-28.86299999999983,True
2025-11-07 02:00:00+00:00,2025-11-11 03:00:00+00:00,1,4001.475,4145.674999999999,143.69999999999936,True
2025-11-12 00:00:00+00:00,2025-11-12 04:00:00+00:00,1,4142.375,4111.745,-31.130000000000106,True
2025-11-12 09:00:00+00:00,2025-11-13 15:00:00+00:00,1,4131.145,4195.038,63.39299999999912,True
2025-11-14 10:00:00+00:00,2025-11-14 17:00:00+00:00,-1,4169.105,4105.005,63.599999999999454,False
2025-11-17 20:00:00+00:00,2025-11-18 14:00:00+00:00,-1,4010.985,4065.115,-54.629999999999654,False
2025-11-20 00:00:00+00:00,2025-11-20 02:00:00+00:00,1,4104.265,4055.385,-49.38000000000011,True
2025-11-20 15:00:00+00:00,2025-11-20 17:00:00+00:00,1,4092.675,4048.765,-44.41000000000031,True
2025-11-20 17:00:00+00:00,2025-11-21 14:00:00+00:00,-1,4048.765,4079.365,-31.09999999999991,False
2025-11-24 02:00:00+00:00,2025-11-24 13:00:00+00:00,-1,4043.805,4080.115,-36.809999999999945,False
2025-11-26 03:00:00+00:00,2025-11-28 09:00:00+00:00,1,4161.745,4167.979,5.734000000000379,True
2025-11-28 14:00:00+00:00,2025-12-01 17:00:00+00:00,1,4182.385,4226.125,43.23999999999978,True
2025-12-02 16:00:00+00:00,2025-12-03 00:00:00+00:00,-1,4169.375,4212.405,-43.529999999999745,False
2025-12-03 19:00:00+00:00,2025-12-04 17:00:00+00:00,-1,4196.935,4215.575,-19.139999999999418,False
2025-12-10 10:00:00+00:00,2025-12-10 19:00:00+00:00,-1,4194.115,4218.615,-25.0,False
2025-12-11 16:00:00+00:00,2025-12-12 16:00:00+00:00,1,4255.825,4290.055,33.73000000000047,True
2025-12-15 16:00:00+00:00,2025-12-16 14:00:00+00:00,-1,4318.005,4312.825,4.680000000000291,False
2025-12-19 16:00:00+00:00,2025-12-23 15:00:00+00:00,1,4347.595,4445.455,97.35999999999967,True
2025-12-23 17:00:00+00:00,2025-12-24 03:00:00+00:00,1,4474.045,4477.185,2.6400000000003274,True
2025-12-26 00:00:00+00:00,2025-12-29 01:00:00+00:00,1,4494.875,4496.899,1.524000000000342,True
2025-12-30 20:00:00+00:00,2026-01-02 01:00:00+00:00,-1,4348.345,4353.695,-5.849999999999454,False
2026-01-02 15:00:00+00:00,2026-01-05 00:00:00+00:00,-1,4352.955,4372.275,-19.81999999999971,False
2026-01-13 15:00:00+00:00,2026-01-13 18:00:00+00:00,1,4629.075,4590.255,-39.31999999999971,True
2026-01-14 02:00:00+00:00,2026-01-15 02:00:00+00:00,1,4619.055,4599.748,-19.8070000000007,True
2026-01-19 00:00:00+00:00,2026-01-21 18:00:00+00:00,1,4672.375,4826.155,153.27999999999975,True
2026-01-23 16:00:00+00:00,2026-01-26 20:00:00+00:00,1,4960.345,5028.265,67.42000000000007,True
2026-01-27 06:00:00+00:00,2026-01-28 23:00:00+00:00,1,5082.855,5455.054999999997,371.6999999999971,True
2026-01-30 03:00:00+00:00,2026-02-02 10:00:00+00:00,-1,5223.795,4718.285,505.0100000000002,False
2026-02-05 00:00:00+00:00,2026-02-05 02:00:00+00:00,1,5011.705,4844.165,-168.03999999999996,True
2026-02-05 03:00:00+00:00,2026-02-06 04:00:00+00:00,-1,4810.768,4823.915,-13.646999999999935,False
2026-02-11 11:00:00+00:00,2026-02-12 13:00:00+00:00,1,5093.015,5052.475,-41.039999999999964,True
2026-02-16 05:00:00+00:00,2026-02-18 04:00:00+00:00,-1,4977.515,4920.445,56.57000000000062,False
2026-02-20 07:00:00+00:00,2026-02-24 02:00:00+00:00,1,5020.365,5177.125,156.26000000000022,True
2026-02-25 21:00:00+00:00,2026-02-27 13:00:00+00:00,-1,5151.905,5217.385,-65.98000000000047,False
2026-02-27 14:00:00+00:00,2026-03-02 15:00:00+00:00,1,5222.575,5331.248,108.17299999999977,True
2026-03-03 07:00:00+00:00,2026-03-04 02:00:00+00:00,-1,5309.998,5174.755,134.74299999999948,False
2026-03-05 14:00:00+00:00,2026-03-06 02:00:00+00:00,-1,5117.805,5134.315,-17.00999999999931,False
2026-03-09 00:00:00+00:00,2026-03-09 06:00:00+00:00,-1,5075.295,5123.995,-49.19999999999982,False
2026-03-12 10:00:00+00:00,2026-03-12 15:00:00+00:00,1,5187.925,5125.185,-63.23999999999978,True
2026-03-13 15:00:00+00:00,2026-03-16 14:00:00+00:00,-1,5041.335,5029.575,11.260000000000218,False
2026-03-18 03:00:00+00:00,2026-03-18 20:00:00+00:00,-1,4991.565,4832.964999999997,158.10000000000218,True
2026-03-20 11:00:00+00:00,2026-03-23 06:00:00+00:00,-1,4645.155,4282.434999999999,362.22000000000116,True
2026-03-24 22:00:00+00:00,2026-03-26 00:00:00+00:00,1,4471.098,4497.845,26.2470000000003,False
2026-03-30 06:00:00+00:00,2026-03-30 19:00:00+00:00,1,4522.375,4498.865,-24.01000000000022,False
2026-03-31 02:00:00+00:00,2026-04-02 02:00:00+00:00,1,4604.825,4696.108,90.78300000000036,False
2026-04-07 02:00:00+00:00,2026-04-07 19:00:00+00:00,-1,4626.725,4706.255,-80.02999999999975,True
2026-04-10 07:00:00+00:00,2026-04-13 02:00:00+00:00,-1,4745.725,4721.005,24.220000000000255,True
2026-04-16 00:00:00+00:00,2026-04-16 13:00:00+00:00,1,4822.995,4785.885,-37.60999999999967,False
2026-04-17 13:00:00+00:00,2026-04-19 22:00:00+00:00,1,4846.215,4768.0,-78.71500000000015,False
2026-04-21 05:00:00+00:00,2026-04-22 00:00:00+00:00,-1,4789.055,4737.765,50.78999999999997,True
2026-04-22 16:00:00+00:00,2026-04-23 13:00:00+00:00,-1,4727.395,4740.005,-13.10999999999967,True
2026-04-23 20:00:00+00:00,2026-04-24 12:00:00+00:00,-1,4695.945,4706.705,-11.260000000000218,True
2026-04-26 23:00:00+00:00,2026-04-27 03:00:00+00:00,-1,4684.078,4717.925,-34.34699999999975,True
2026-04-27 15:00:00+00:00,2026-04-30 01:00:00+00:00,-1,4678.045,4569.555,107.98999999999978,True
2026-05-08 14:00:00+00:00,2026-05-10 23:00:00+00:00,1,4747.635,4691.198,-56.936999999999905,True
2026-05-13 13:00:00+00:00,2026-05-18 00:00:00+00:00,-1,4683.385,4510.4529999999995,172.4320000000007,False
2026-05-19 05:00:00+00:00,2026-05-20 15:00:00+00:00,-1,4542.275,4531.145,10.6299999999992,False
2026-05-21 18:00:00+00:00,2026-05-22 15:00:00+00:00,1,4551.365,4500.445,-51.42000000000007,False
2026-05-24 23:00:00+00:00,2026-05-26 01:00:00+00:00,1,4564.948,4549.395,-16.052999999999884,False
2026-06-05 12:00:00+00:00,2026-06-05 13:00:00+00:00,1,4470.035,4428.335,-42.19999999999982,False
2026-06-05 13:00:00+00:00,2026-06-08 12:00:00+00:00,-1,4406.355,4330.948,74.90699999999924,False
2026-06-09 15:00:00+00:00,2026-06-10 22:00:00+00:00,-1,4300.285,4048.6049999999996,251.1800000000003,False
2026-06-16 09:00:00+00:00,2026-06-17 18:00:00+00:00,1,4346.965,4305.755,-41.710000000000036,False
2026-06-17 19:00:00+00:00,2026-06-18 01:00:00+00:00,-1,4285.505,4308.098,-23.092999999999847,False
2026-06-18 09:00:00+00:00,2026-06-19 09:00:00+00:00,-1,4266.635,4168.795,97.34000000000015,False
2026-06-23 02:00:00+00:00,2026-06-23 16:00:00+00:00,-1,4161.035,4138.515,22.019999999999527,False
2026-06-24 00:00:00+00:00,2026-06-25 16:00:00+00:00,-1,4098.955,4041.045,57.40999999999985,False
