TF,mult_e,struct,TP_R,sesi,n,net,PF,WR%,avgR,maxDD,hijau,avgR_side,net_side,avgR_bull,net_bull
H1,1.8,10,3.0,asia,214,1573.0,1.19,37.4,0.095,-2565.0,5/6,0.09,-92.0,0.098,1665.0
H1,1.8,20,flip,asia,214,1601.0,1.2,38.3,0.074,-1727.0,4/6,-0.035,-220.0,0.147,1821.0
H1,1.8,20,3.0,asia,214,1126.0,1.14,38.3,0.067,-2136.0,5/6,0.008,-113.0,0.107,1239.0
H1,1.8,20,5.0,asia,214,1344.0,1.16,38.3,0.065,-1898.0,4/6,-0.035,-220.0,0.132,1564.0
H1,1.8,10,5.0,asia,214,574.0,1.07,37.4,0.062,-2565.0,4/6,0.026,-260.0,0.086,834.0
H1,1.8,20,4.0,asia,214,1232.0,1.15,38.3,0.057,-2017.0,4/6,-0.035,-220.0,0.119,1452.0
H1,1.8,10,flip,asia,214,507.0,1.06,37.4,0.056,-2565.0,3/6,0.014,-279.0,0.085,786.0
H1,1.8,10,4.0,asia,214,609.0,1.07,37.4,0.054,-2565.0,3/6,0.003,-295.0,0.088,904.0
H1,1.8,20,2.0,asia,214,1151.0,1.14,38.3,0.053,-2255.0,4/6,0.051,-52.0,0.054,1202.0
H1,1.8,10,2.0,asia,214,-116.0,0.99,37.4,0.053,-2565.0,4/6,0.073,-127.0,0.039,12.0
M30,1.8,20,4.0,asia,613,3310.0,1.31,32.8,0.021,-1426.0,4/6,-0.027,-228.0,0.068,3539.0
M30,1.2,20,3.0,ny,1658,2112.0,1.08,37.8,0.016,-1102.0,6/6,0.016,678.0,0.015,1433.0
H1,1.8,10,5.0,all,1629,3404.0,1.08,34.4,0.015,-2477.0,4/6,0.011,-21.0,0.019,3425.0
H1,1.8,10,4.0,all,1629,3461.0,1.08,34.5,0.014,-2679.0,3/6,0.006,-303.0,0.025,3763.0
H1,1.2,10,5.0,ny,778,-600.0,0.96,37.3,0.012,-2189.0,3/6,0.026,170.0,-0.008,-770.0
M15,1.8,10,3.0,ny,1927,806.0,1.03,37.5,0.011,-1368.0,4/6,0.022,772.0,-0.002,34.0
M30,1.2,20,5.0,ny,1658,1745.0,1.07,37.7,0.011,-1329.0,5/6,0.005,536.0,0.02,1209.0
H1,1.2,10,flip,ny,778,-941.0,0.94,37.3,0.011,-2336.0,2/6,0.031,119.0,-0.02,-1060.0
H1,1.8,20,3.0,ny,532,1040.0,1.09,36.3,0.01,-2243.0,4/6,0.023,357.0,-0.009,684.0
M15,1.8,20,3.0,ny,1927,923.0,1.03,37.7,0.01,-1423.0,4/6,0.024,818.0,-0.008,106.0
M30,1.2,20,4.0,ny,1658,1805.0,1.07,37.7,0.01,-1203.0,5/6,0.008,632.0,0.014,1173.0
M30,1.8,20,flip,asia,613,2779.0,1.26,32.8,0.009,-1524.0,3/6,-0.042,-373.0,0.059,3152.0
M30,1.2,20,flip,ny,1658,1474.0,1.06,37.7,0.009,-1329.0,4/6,0.001,407.0,0.02,1067.0
M30,1.2,10,5.0,ny,1658,837.0,1.03,37.3,0.008,-1331.0,4/6,0.007,539.0,0.008,298.0
H1,1.2,20,5.0,ny,778,-827.0,0.94,37.3,0.008,-2312.0,2/6,0.027,153.0,-0.019,-980.0
M30,1.2,10,4.0,ny,1658,990.0,1.04,37.3,0.007,-1294.0,5/6,0.009,658.0,0.005,332.0
M30,1.2,10,3.0,ny,1658,780.0,1.03,37.5,0.006,-1214.0,5/6,0.01,526.0,0.002,254.0
H1,1.8,20,5.0,all,1629,3046.0,1.07,35.1,0.006,-2090.0,4/6,0.004,-0.0,0.007,3046.0
H1,1.2,20,flip,ny,778,-1186.0,0.92,37.3,0.005,-2493.0,2/6,0.033,113.0,-0.036,-1300.0
M30,1.8,20,5.0,asia,613,2876.0,1.27,32.8,0.004,-1395.0,2/6,-0.054,-408.0,0.06,3284.0
M30,1.2,10,flip,ny,1658,423.0,1.02,37.3,0.004,-1427.0,2/6,-0.0,360.0,0.009,63.0
H1,1.8,10,3.0,all,1629,2686.0,1.06,34.6,0.003,-2987.0,3/6,-0.001,-433.0,0.007,3119.0
H1,1.8,20,3.0,all,1629,3858.0,1.09,35.1,0.003,-2360.0,3/6,-0.01,-316.0,0.017,4174.0
M30,1.2,20,2.0,ny,1658,1041.0,1.04,37.9,0.003,-1452.0,5/6,0.002,292.0,0.005,749.0
M15,1.8,20,2.0,ny,1927,388.0,1.01,38.0,0.003,-1940.0,3/6,0.012,559.0,-0.007,-171.0
H1,1.8,20,4.0,all,1629,3853.0,1.09,35.1,0.003,-2090.0,3/6,-0.009,-393.0,0.018,4246.0
M15,1.8,20,flip,ny,1927,120.0,1.0,37.7,0.002,-1603.0,4/6,0.018,724.0,-0.017,-604.0
M30,1.2,10,2.0,ny,1658,1092.0,1.04,37.6,0.002,-1355.0,4/6,-0.001,247.0,0.005,846.0
H1,1.2,10,4.0,ny,778,-539.0,0.96,37.3,0.002,-2067.0,3/6,0.008,-75.0,-0.007,-464.0
M15,1.8,20,5.0,ny,1927,323.0,1.01,37.7,0.002,-1785.0,4/6,0.022,904.0,-0.022,-581.0
M15,1.8,10,flip,ny,1927,19.0,1.0,37.4,0.001,-1651.0,4/6,0.015,697.0,-0.017,-678.0
M15,1.8,10,5.0,ny,1927,254.0,1.01,37.4,0.001,-1854.0,4/6,0.02,928.0,-0.023,-674.0
H1,1.8,20,flip,all,1629,1874.0,1.04,35.1,-0.0,-2090.0,4/6,-0.001,-438.0,0.001,2312.0
M30,1.8,20,3.0,asia,613,2650.0,1.24,32.8,0.0,-1395.0,2/6,-0.061,-405.0,0.06,3055.0
M15,1.8,10,2.0,ny,1927,-60.0,1.0,37.9,-0.0,-2109.0,3/6,0.005,502.0,-0.007,-562.0
H1,1.2,10,flip,all,2649,4001.0,1.07,33.8,-0.001,-2925.0,2/6,-0.037,-1635.0,0.043,5636.0
M15,1.8,20,4.0,ny,1927,80.0,1.0,37.7,-0.001,-1553.0,4/6,0.023,931.0,-0.03,-851.0
M15,1.8,10,4.0,ny,1927,-31.0,1.0,37.4,-0.002,-1621.0,4/6,0.018,840.0,-0.028,-870.0
H1,1.8,20,4.0,ny,532,519.0,1.04,36.1,-0.003,-2230.0,4/6,0.005,155.0,-0.015,364.0
H1,1.8,20,5.0,ny,532,330.0,1.03,36.1,-0.003,-2363.0,4/6,0.015,333.0,-0.029,-3.0
H1,1.8,10,flip,all,1629,185.0,1.0,34.4,-0.003,-3038.0,3/6,-0.003,-681.0,-0.004,867.0
H1,1.2,20,flip,asia,449,1958.0,1.2,33.4,-0.004,-968.0,3/6,-0.08,-487.0,0.071,2446.0
H1,1.2,10,5.0,all,2649,4579.0,1.09,33.8,-0.004,-2925.0,2/6,-0.048,-1755.0,0.049,6333.0
H1,1.2,20,flip,all,2649,3999.0,1.07,34.2,-0.004,-2883.0,2/6,-0.024,-1618.0,0.02,5617.0
H1,1.2,10,3.0,ny,778,-747.0,0.95,37.3,-0.005,-2049.0,3/6,0.005,-90.0,-0.02,-657.0
H1,1.2,20,4.0,ny,778,-1087.0,0.93,37.3,-0.005,-2552.0,2/6,0.012,-51.0,-0.031,-1036.0
H1,1.8,10,3.0,ny,532,315.0,1.03,35.7,-0.005,-2247.0,4/6,0.014,323.0,-0.033,-8.0
H1,1.2,10,flip,asia,449,1779.0,1.18,32.7,-0.005,-1122.0,3/6,-0.124,-641.0,0.113,2420.0
H1,1.2,10,2.0,ny,778,-1186.0,0.92,37.7,-0.006,-2259.0,1/6,0.008,-125.0,-0.026,-1061.0
H1,1.2,20,3.0,ny,778,-1036.0,0.93,37.3,-0.008,-2278.0,2/6,0.008,-75.0,-0.032,-961.0
H1,1.2,10,4.0,asia,449,1577.0,1.16,32.7,-0.009,-907.0,2/6,-0.094,-421.0,0.074,1999.0
H1,1.2,20,5.0,all,2649,3907.0,1.07,34.2,-0.01,-2952.0,3/6,-0.036,-1841.0,0.022,5748.0
H1,1.2,20,4.0,asia,449,1804.0,1.18,33.4,-0.01,-907.0,3/6,-0.088,-467.0,0.067,2271.0
H1,1.8,10,4.0,ny,532,174.0,1.01,35.5,-0.01,-2210.0,4/6,-0.001,115.0,-0.022,58.0
H1,1.8,20,2.0,ny,532,238.0,1.02,36.5,-0.01,-2051.0,4/6,-0.007,7.0,-0.015,231.0
H1,1.2,10,4.0,all,2649,4363.0,1.08,33.8,-0.011,-3279.0,2/6,-0.05,-1918.0,0.037,6281.0
H1,1.8,10,5.0,ny,532,195.0,1.02,35.5,-0.011,-2320.0,4/6,-0.001,252.0,-0.026,-57.0
H1,1.8,20,2.0,all,1629,1830.0,1.04,35.4,-0.012,-2342.0,2/6,-0.02,-738.0,-0.003,2568.0
H1,1.2,10,3.0,all,2649,4275.0,1.08,34.0,-0.012,-3196.0,2/6,-0.051,-1892.0,0.036,6166.0
H1,1.8,20,flip,ny,532,-32.0,1.0,36.1,-0.012,-2363.0,4/6,0.007,91.0,-0.039,-123.0
H1,1.2,20,5.0,asia,449,1851.0,1.19,33.4,-0.013,-968.0,3/6,-0.097,-550.0,0.069,2401.0
M15,1.2,20,2.0,asia,2276,1939.0,1.1,37.8,-0.013,-872.0,3/6,-0.033,-113.0,0.009,2052.0
H1,1.2,20,3.0,asia,449,1703.0,1.17,33.4,-0.013,-907.0,2/6,-0.071,-347.0,0.043,2050.0
H1,1.2,20,2.0,asia,449,2302.0,1.24,33.6,-0.013,-907.0,2/6,-0.064,-386.0,0.037,2688.0
M15,1.2,10,2.0,asia,2276,2470.0,1.13,37.7,-0.014,-850.0,3/6,-0.039,-154.0,0.013,2624.0
H1,1.2,20,2.0,ny,778,-1260.0,0.92,37.5,-0.014,-2174.0,1/6,0.002,-244.0,-0.039,-1016.0
M30,1.2,20,4.0,asia,1053,870.0,1.07,35.7,-0.015,-1649.0,3/6,-0.037,-462.0,0.009,1332.0
M15,1.2,20,3.0,ny,2930,-1259.0,0.97,35.9,-0.015,-1699.0,2/6,-0.021,-510.0,-0.009,-749.0
M15,1.8,20,2.0,asia,1452,1154.0,1.08,37.1,-0.015,-899.0,3/6,-0.041,-422.0,0.015,1576.0
H1,1.2,20,4.0,all,2649,3801.0,1.07,34.2,-0.016,-3157.0,2/6,-0.044,-2100.0,0.018,5901.0
H1,1.2,10,2.0,all,2649,2360.0,1.04,34.5,-0.016,-2748.0,2/6,-0.055,-1955.0,0.033,4315.0
M30,1.2,10,4.0,asia,1053,1238.0,1.1,35.6,-0.016,-1523.0,3/6,-0.053,-511.0,0.026,1749.0
H1,1.2,20,3.0,all,2649,3733.0,1.07,34.3,-0.018,-3214.0,2/6,-0.043,-2026.0,0.014,5759.0
H1,1.2,10,5.0,asia,449,1641.0,1.17,32.7,-0.018,-1122.0,3/6,-0.141,-704.0,0.103,2345.0
H1,1.2,20,2.0,all,2649,3867.0,1.07,34.6,-0.019,-3022.0,2/6,-0.045,-2048.0,0.012,5915.0
H1,1.8,10,2.0,ny,532,-193.0,0.98,36.1,-0.019,-1978.0,3/6,-0.01,7.0,-0.032,-200.0
M30,1.2,20,3.0,asia,1053,638.0,1.05,35.8,-0.019,-1748.0,3/6,-0.04,-504.0,0.005,1142.0
M30,1.2,20,5.0,asia,1053,782.0,1.06,35.7,-0.02,-1680.0,3/6,-0.053,-604.0,0.017,1386.0
M15,1.8,10,2.0,asia,1452,1116.0,1.07,37.1,-0.02,-988.0,3/6,-0.041,-383.0,0.005,1499.0
M30,1.8,10,4.0,asia,613,2226.0,1.2,31.8,-0.02,-1620.0,2/6,-0.07,-412.0,0.03,2638.0
H1,1.8,10,2.0,all,1629,-1012.0,0.98,34.9,-0.02,-2907.0,2/6,-0.023,-1034.0,-0.017,22.0
M15,1.2,20,flip,ny,2930,-1622.0,0.96,35.8,-0.02,-1884.0,1/6,-0.029,-748.0,-0.01,-874.0
M15,1.2,20,5.0,ny,2930,-1649.0,0.95,35.8,-0.02,-2054.0,1/6,-0.02,-584.0,-0.019,-1065.0
M30,1.2,10,2.0,asia,1053,1194.0,1.09,36.1,-0.021,-1572.0,3/6,-0.063,-624.0,0.026,1818.0
H1,1.2,10,3.0,asia,449,2046.0,1.21,32.7,-0.021,-907.0,2/6,-0.103,-508.0,0.059,2554.0
M15,1.2,20,4.0,ny,2930,-1672.0,0.95,35.8,-0.022,-2306.0,2/6,-0.023,-574.0,-0.02,-1098.0
M15,1.2,20,2.0,ny,2930,-2193.0,0.94,36.4,-0.022,-2468.0,1/6,-0.032,-865.0,-0.009,-1328.0
M15,1.2,10,3.0,asia,2276,2450.0,1.13,37.5,-0.024,-969.0,3/6,-0.049,-237.0,0.003,2687.0
M30,1.2,20,flip,asia,1053,601.0,1.05,35.7,-0.024,-1605.0,3/6,-0.042,-547.0,-0.004,1148.0
H1,1.8,10,flip,ny,532,-372.0,0.97,35.5,-0.024,-2320.0,3/6,-0.008,10.0,-0.048,-383.0
M30,1.8,10,flip,asia,613,2205.0,1.2,31.8,-0.025,-1620.0,2/6,-0.074,-464.0,0.023,2669.0
M15,1.2,10,5.0,ny,2930,-1629.0,0.96,35.6,-0.025,-2168.0,2/6,-0.028,-629.0,-0.02,-1000.0
M15,1.2,10,3.0,ny,2930,-1786.0,0.95,35.7,-0.025,-2254.0,2/6,-0.031,-655.0,-0.018,-1131.0
M15,1.2,20,3.0,asia,2276,2077.0,1.11,37.7,-0.025,-1081.0,3/6,-0.054,-355.0,0.007,2432.0
M30,1.8,20,flip,all,3307,3453.0,1.06,33.6,-0.025,-4822.0,2/6,-0.056,-1984.0,0.014,5437.0
M30,1.2,20,2.0,asia,1053,854.0,1.06,36.0,-0.026,-1802.0,3/6,-0.058,-640.0,0.011,1494.0
M30,1.8,20,2.0,asia,613,1267.0,1.12,32.8,-0.026,-1530.0,2/6,-0.089,-615.0,0.036,1882.0
M30,1.8,10,flip,all,3307,3390.0,1.06,33.3,-0.026,-4644.0,2/6,-0.056,-1788.0,0.011,5178.0
M30,1.2,10,flip,asia,1053,708.0,1.05,35.5,-0.026,-1523.0,3/6,-0.055,-520.0,0.008,1228.0
M15,1.2,10,flip,ny,2930,-1836.0,0.95,35.5,-0.027,-2128.0,1/6,-0.036,-778.0,-0.017,-1058.0
H1,1.2,10,2.0,asia,449,1403.0,1.14,33.4,-0.028,-1056.0,2/6,-0.131,-696.0,0.073,2099.0
M30,1.2,10,5.0,asia,1053,640.0,1.05,35.5,-0.028,-1528.0,3/6,-0.073,-648.0,0.022,1288.0
M30,1.8,20,5.0,all,3307,4051.0,1.07,33.6,-0.028,-4797.0,2/6,-0.068,-2178.0,0.021,6229.0
M5,1.2,20,flip,ny,7627,-4159.0,0.93,34.2,-0.029,-5005.0,0/6,-0.034,-2453.0,-0.023,-1706.0
M30,1.8,20,4.0,all,3307,4844.0,1.08,33.6,-0.03,-5152.0,2/6,-0.072,-2403.0,0.022,7246.0
M30,1.8,10,4.0,all,3307,4761.0,1.08,33.4,-0.03,-4731.0,2/6,-0.073,-2133.0,0.023,6894.0
M15,1.8,20,3.0,asia,1452,656.0,1.04,37.0,-0.031,-1008.0,2/6,-0.059,-605.0,0.003,1262.0
M15,1.2,20,4.0,asia,2276,1493.0,1.08,37.7,-0.031,-1113.0,3/6,-0.059,-412.0,-0.0,1906.0
M15,1.8,10,3.0,asia,1452,558.0,1.04,36.8,-0.031,-1088.0,2/6,-0.055,-533.0,-0.002,1091.0
M15,1.2,10,4.0,ny,2930,-2158.0,0.94,35.6,-0.032,-2695.0,2/6,-0.036,-758.0,-0.027,-1400.0
M5,1.8,10,4.0,ny,4744,-4397.0,0.91,34.7,-0.033,-4598.0,1/6,-0.048,-1895.0,-0.015,-2502.0
M5,1.8,20,2.0,asia,4432,680.0,1.03,35.9,-0.033,-1147.0,2/6,-0.053,-619.0,-0.01,1299.0
M30,1.2,10,3.0,asia,1053,495.0,1.04,35.6,-0.033,-1595.0,3/6,-0.065,-595.0,0.004,1090.0
M15,1.2,10,2.0,ny,2930,-2744.0,0.92,36.2,-0.033,-3179.0,1/6,-0.041,-905.0,-0.023,-1839.0
M30,1.8,20,3.0,all,3307,3273.0,1.05,33.7,-0.033,-5160.0,2/6,-0.076,-2597.0,0.02,5869.0
M30,1.2,20,4.0,all,5463,2467.0,1.03,34.7,-0.034,-4437.0,2/6,-0.066,-2676.0,0.005,5143.0
M30,1.8,10,5.0,all,3307,4154.0,1.07,33.3,-0.034,-4661.0,2/6,-0.076,-2079.0,0.019,6233.0
M30,1.2,10,4.0,all,5463,1892.0,1.02,34.5,-0.034,-4084.0,2/6,-0.066,-2435.0,0.006,4327.0
M30,1.8,20,2.0,all,3307,1262.0,1.02,34.1,-0.034,-5032.0,2/6,-0.07,-2446.0,0.011,3708.0
M5,1.8,10,flip,ny,4744,-4968.0,0.89,34.6,-0.034,-5052.0,0/6,-0.039,-1622.0,-0.027,-3346.0
M5,1.2,20,5.0,ny,7627,-4690.0,0.92,34.2,-0.034,-5551.0,0/6,-0.043,-2707.0,-0.023,-1982.0
M30,1.2,20,3.0,all,5463,1735.0,1.02,34.8,-0.034,-4052.0,2/6,-0.062,-2576.0,0.001,4311.0
M5,1.8,20,4.0,ny,4744,-4577.0,0.9,34.8,-0.035,-4681.0,2/6,-0.05,-2108.0,-0.016,-2468.0
M5,1.8,10,5.0,ny,4744,-4788.0,0.9,34.6,-0.035,-4872.0,0/6,-0.05,-1940.0,-0.017,-2848.0
M5,1.2,10,flip,ny,7627,-4321.0,0.93,34.1,-0.035,-5187.0,0/6,-0.044,-2576.0,-0.025,-1745.0
M5,1.8,20,flip,ny,4744,-5174.0,0.89,34.7,-0.035,-5256.0,0/6,-0.038,-1810.0,-0.031,-3364.0
M15,1.2,10,4.0,asia,2276,1548.0,1.08,37.5,-0.035,-1053.0,3/6,-0.058,-345.0,-0.01,1892.0
M5,1.8,20,3.0,ny,4744,-4995.0,0.9,34.9,-0.036,-5125.0,1/6,-0.049,-2150.0,-0.021,-2845.0
M15,1.2,20,2.0,all,11053,-3578.0,0.97,35.5,-0.036,-5241.0,2/6,-0.052,-3344.0,-0.017,-234.0
M15,1.2,20,flip,asia,2276,1055.0,1.05,37.7,-0.036,-1176.0,3/6,-0.057,-417.0,-0.013,1472.0
M15,1.2,20,5.0,asia,2276,1130.0,1.06,37.7,-0.036,-1136.0,3/6,-0.061,-429.0,-0.008,1559.0
M30,1.8,10,5.0,asia,613,2373.0,1.21,31.8,-0.036,-1620.0,2/6,-0.09,-516.0,0.017,2889.0
M15,1.8,20,4.0,asia,1452,426.0,1.03,37.0,-0.037,-1225.0,2/6,-0.071,-718.0,0.003,1144.0
M5,1.8,20,2.0,ny,4744,-4845.0,0.9,35.2,-0.037,-5035.0,0/6,-0.05,-2155.0,-0.022,-2690.0
M30,1.8,10,3.0,all,3307,2659.0,1.04,33.5,-0.037,-4904.0,2/6,-0.082,-2455.0,0.019,5113.0
M30,1.2,20,5.0,all,5463,2216.0,1.03,34.7,-0.037,-4575.0,2/6,-0.076,-3133.0,0.011,5348.0
M30,1.2,10,5.0,all,5463,1484.0,1.02,34.4,-0.038,-4501.0,2/6,-0.079,-3049.0,0.014,4533.0
M15,1.8,20,5.0,asia,1452,259.0,1.02,36.9,-0.038,-1384.0,2/6,-0.069,-691.0,-0.0,950.0
M5,1.8,10,3.0,ny,4744,-4960.0,0.9,34.7,-0.038,-5137.0,0/6,-0.05,-1935.0,-0.023,-3024.0
M15,1.8,20,2.0,all,6715,-4320.0,0.95,35.2,-0.038,-4769.0,0/6,-0.045,-2081.0,-0.03,-2239.0
M5,1.8,10,2.0,asia,4432,589.0,1.02,35.8,-0.038,-1215.0,2/6,-0.059,-703.0,-0.012,1292.0
M15,1.8,10,4.0,asia,1452,340.0,1.02,36.8,-0.038,-1193.0,2/6,-0.073,-671.0,0.004,1010.0
M30,1.8,10,2.0,all,3307,1301.0,1.02,34.1,-0.038,-4852.0,2/6,-0.077,-2356.0,0.012,3657.0
M15,1.8,20,3.0,all,6715,-2775.0,0.97,34.8,-0.039,-3203.0,1/6,-0.05,-2289.0,-0.026,-486.0
M5,1.8,20,5.0,ny,4744,-5023.0,0.89,34.7,-0.039,-5104.0,1/6,-0.051,-2122.0,-0.023,-2901.0
M5,1.8,10,2.0,ny,4744,-4761.0,0.9,35.2,-0.039,-4910.0,0/6,-0.052,-2028.0,-0.023,-2733.0
M30,1.2,20,2.0,all,5463,-676.0,0.99,35.2,-0.039,-4238.0,2/6,-0.066,-2872.0,-0.005,2196.0
M15,1.8,10,5.0,asia,1452,110.0,1.01,36.8,-0.039,-1362.0,2/6,-0.067,-634.0,-0.007,744.0
M5,1.2,20,4.0,ny,7627,-5336.0,0.91,34.3,-0.04,-6081.0,0/6,-0.053,-3100.0,-0.024,-2236.0
M15,1.2,10,2.0,all,11053,-3350.0,0.97,35.5,-0.04,-5238.0,2/6,-0.055,-3276.0,-0.022,-74.0
M15,1.2,20,3.0,all,11053,-3622.0,0.97,35.2,-0.04,-5579.0,2/6,-0.058,-3658.0,-0.019,36.0
M5,1.2,20,2.0,ny,7627,-5309.0,0.91,34.7,-0.042,-6481.0,0/6,-0.061,-3594.0,-0.019,-1714.0
M15,1.2,10,3.0,all,11053,-3695.0,0.97,35.0,-0.042,-5003.0,2/6,-0.058,-3373.0,-0.023,-322.0
M15,1.2,10,5.0,asia,2276,1349.0,1.07,37.5,-0.042,-1166.0,3/6,-0.068,-432.0,-0.012,1781.0
M5,1.2,20,3.0,ny,7627,-5431.0,0.91,34.4,-0.042,-6123.0,0/6,-0.056,-3307.0,-0.025,-2124.0
M30,1.2,10,2.0,all,5463,-1328.0,0.98,35.1,-0.042,-4055.0,2/6,-0.072,-2908.0,-0.005,1580.0
M30,1.2,20,flip,all,5463,1241.0,1.02,34.7,-0.042,-4666.0,2/6,-0.075,-3248.0,-0.0,4489.0
M15,1.8,10,2.0,all,6715,-4290.0,0.95,35.1,-0.042,-5250.0,0/6,-0.052,-2464.0,-0.03,-1826.0
M15,1.2,10,flip,asia,2276,1149.0,1.06,37.5,-0.043,-1190.0,3/6,-0.063,-415.0,-0.021,1564.0
M15,1.8,10,3.0,all,6715,-3964.0,0.95,34.6,-0.043,-4849.0,1/6,-0.055,-2584.0,-0.028,-1380.0
M30,1.2,10,3.0,all,5463,-824.0,0.99,34.6,-0.043,-4400.0,2/6,-0.071,-2782.0,-0.009,1959.0
M15,1.8,20,5.0,all,6715,-3765.0,0.96,34.7,-0.044,-4116.0,1/6,-0.058,-2445.0,-0.027,-1320.0
M5,1.8,10,5.0,asia,4432,-72.0,1.0,35.3,-0.044,-1427.0,2/6,-0.074,-894.0,-0.007,823.0
M5,1.8,20,4.0,asia,4432,-96.0,1.0,35.5,-0.044,-1393.0,2/6,-0.069,-849.0,-0.013,753.0
M5,1.8,20,3.0,asia,4432,-449.0,0.98,35.6,-0.044,-1351.0,1/6,-0.064,-816.0,-0.019,368.0
M5,1.2,10,5.0,ny,7627,-5109.0,0.91,34.1,-0.045,-6002.0,0/6,-0.058,-2954.0,-0.028,-2155.0
M5,1.8,20,5.0,asia,4432,-3.0,1.0,35.5,-0.045,-1462.0,2/6,-0.071,-883.0,-0.013,880.0
M30,1.2,10,flip,all,5463,-37.0,1.0,34.4,-0.045,-4729.0,2/6,-0.082,-3302.0,0.001,3265.0
M15,1.8,20,4.0,all,6715,-4065.0,0.95,34.8,-0.045,-4714.0,0/6,-0.054,-2266.0,-0.033,-1799.0
M15,1.2,20,flip,all,11053,-5152.0,0.95,35.1,-0.045,-6559.0,1/6,-0.061,-4039.0,-0.025,-1114.0
M5,1.8,10,3.0,asia,4432,-309.0,0.99,35.4,-0.045,-1337.0,2/6,-0.066,-811.0,-0.019,503.0
M15,1.2,20,4.0,all,11053,-5662.0,0.95,35.1,-0.046,-6200.0,1/6,-0.062,-4005.0,-0.026,-1657.0
M5,1.8,10,4.0,asia,4432,-18.0,1.0,35.3,-0.046,-1403.0,2/6,-0.074,-902.0,-0.012,884.0
M15,1.2,20,5.0,all,11053,-5883.0,0.95,35.1,-0.047,-6581.0,0/6,-0.063,-4179.0,-0.026,-1704.0
M15,1.8,10,5.0,all,6715,-4349.0,0.95,34.4,-0.048,-4935.0,0/6,-0.062,-2605.0,-0.032,-1744.0
M15,1.8,10,4.0,all,6715,-4336.0,0.95,34.5,-0.048,-5148.0,0/6,-0.059,-2502.0,-0.034,-1834.0
M15,1.8,20,flip,asia,1452,66.0,1.0,36.8,-0.048,-1388.0,2/6,-0.083,-821.0,-0.007,887.0
M5,1.8,20,flip,asia,4432,-329.0,0.99,35.4,-0.048,-1520.0,2/6,-0.071,-916.0,-0.02,587.0
M30,1.8,10,3.0,asia,613,1218.0,1.11,31.8,-0.049,-1620.0,2/6,-0.11,-559.0,0.01,1777.0
M15,1.8,20,flip,all,6715,-4776.0,0.94,34.7,-0.049,-5079.0,0/6,-0.061,-2747.0,-0.033,-2028.0
M5,1.8,10,flip,asia,4432,-356.0,0.99,35.2,-0.05,-1571.0,2/6,-0.076,-969.0,-0.017,613.0
M15,1.2,10,flip,all,11053,-5085.0,0.95,34.9,-0.051,-6540.0,1/6,-0.068,-4088.0,-0.03,-997.0
M5,1.2,10,4.0,ny,7627,-5796.0,0.9,34.1,-0.051,-6543.0,0/6,-0.068,-3366.0,-0.031,-2430.0
M15,1.2,10,4.0,all,11053,-5663.0,0.95,34.9,-0.051,-6216.0,0/6,-0.069,-4124.0,-0.028,-1539.0
M15,1.2,10,5.0,all,11053,-5227.0,0.95,34.9,-0.051,-6390.0,2/6,-0.07,-4247.0,-0.027,-980.0
M5,1.2,10,2.0,ny,7627,-5606.0,0.9,34.7,-0.051,-6456.0,0/6,-0.073,-3676.0,-0.023,-1930.0
M5,1.2,10,3.0,ny,7627,-5687.0,0.9,34.2,-0.052,-6410.0,0/6,-0.07,-3407.0,-0.031,-2281.0
M30,1.8,10,5.0,ny,1105,-1943.0,0.9,35.2,-0.053,-3094.0,0/6,-0.047,-353.0,-0.062,-1590.0
M30,1.8,10,flip,ny,1105,-2307.0,0.89,35.2,-0.054,-3495.0,0/6,-0.042,-390.0,-0.073,-1918.0
M15,1.8,10,flip,all,6715,-5349.0,0.94,34.4,-0.054,-5754.0,0/6,-0.066,-2954.0,-0.039,-2395.0
M30,1.8,20,5.0,ny,1105,-2254.0,0.89,35.2,-0.055,-3509.0,0/6,-0.046,-428.0,-0.067,-1827.0
M30,1.8,20,flip,ny,1105,-2567.0,0.87,35.2,-0.055,-3708.0,0/6,-0.042,-498.0,-0.075,-2069.0
M30,1.8,10,2.0,ny,1105,-1194.0,0.94,35.8,-0.055,-2971.0,2/6,-0.075,-868.0,-0.027,-326.0
M5,1.2,20,4.0,asia,7249,-1455.0,0.96,34.4,-0.059,-2519.0,1/6,-0.091,-2044.0,-0.02,589.0
M15,1.8,10,flip,asia,1452,-155.0,0.99,36.6,-0.059,-1439.0,2/6,-0.09,-793.0,-0.021,639.0
M5,1.2,20,2.0,asia,7249,-1882.0,0.95,34.7,-0.06,-2448.0,1/6,-0.086,-1932.0,-0.026,49.0
M30,1.8,10,2.0,asia,613,782.0,1.07,32.5,-0.06,-1331.0,1/6,-0.127,-686.0,0.005,1467.0
M5,1.2,20,3.0,asia,7249,-1522.0,0.96,34.4,-0.061,-2532.0,1/6,-0.089,-2039.0,-0.025,516.0
M30,1.8,20,2.0,ny,1105,-1712.0,0.92,35.7,-0.061,-3136.0,1/6,-0.076,-968.0,-0.039,-744.0
M5,1.2,20,5.0,asia,7249,-1242.0,0.96,34.4,-0.062,-2595.0,1/6,-0.098,-2193.0,-0.016,951.0
M30,1.8,10,4.0,ny,1105,-2121.0,0.89,35.2,-0.063,-3177.0,0/6,-0.061,-577.0,-0.064,-1544.0
M5,1.2,20,flip,asia,7249,-1688.0,0.95,34.4,-0.065,-2757.0,1/6,-0.102,-2262.0,-0.018,574.0
M30,1.8,20,4.0,ny,1105,-2569.0,0.87,35.2,-0.066,-3702.0,0/6,-0.063,-694.0,-0.071,-1874.0
M30,1.8,20,3.0,ny,1105,-2009.0,0.9,35.2,-0.067,-3241.0,1/6,-0.077,-1007.0,-0.052,-1002.0
M5,1.2,10,3.0,asia,7247,-1692.0,0.95,34.3,-0.068,-2575.0,1/6,-0.098,-2046.0,-0.03,354.0
M5,1.2,10,4.0,asia,7247,-1475.0,0.96,34.3,-0.068,-2628.0,1/6,-0.102,-2066.0,-0.024,591.0
M30,1.8,10,3.0,ny,1105,-1995.0,0.9,35.2,-0.069,-3154.0,1/6,-0.079,-938.0,-0.053,-1056.0
M5,1.2,10,2.0,asia,7247,-1963.0,0.94,34.7,-0.07,-2634.0,1/6,-0.098,-2065.0,-0.034,102.0
M5,1.2,10,5.0,asia,7247,-1443.0,0.96,34.2,-0.071,-2722.0,1/6,-0.109,-2248.0,-0.023,805.0
M5,1.2,20,2.0,all,35412,-25065.0,0.87,33.6,-0.072,-26256.0,1/7,-0.096,-14882.0,-0.043,-10190.0
M5,1.2,20,5.0,all,35412,-23353.0,0.88,33.3,-0.072,-24263.0,1/7,-0.099,-14871.0,-0.038,-8496.0
M5,1.8,20,2.0,all,21437,-17336.0,0.89,33.7,-0.072,-17923.0,1/7,-0.096,-10052.0,-0.042,-7290.0
M5,1.2,20,4.0,all,35412,-24362.0,0.88,33.3,-0.073,-25232.0,1/7,-0.101,-15257.0,-0.039,-9118.0
M5,1.2,20,flip,all,35412,-23399.0,0.88,33.3,-0.073,-24336.0,1/7,-0.098,-14663.0,-0.04,-8749.0
M5,1.8,20,4.0,all,21437,-16605.0,0.89,33.4,-0.073,-17013.0,1/7,-0.104,-10651.0,-0.035,-5956.0
M5,1.8,20,3.0,all,21437,-17395.0,0.89,33.4,-0.073,-17862.0,1/7,-0.1,-10290.0,-0.039,-7108.0
M5,1.2,20,3.0,all,35412,-24871.0,0.88,33.4,-0.074,-25748.0,1/7,-0.099,-15261.0,-0.043,-9624.0
M5,1.2,10,flip,asia,7247,-1861.0,0.95,34.2,-0.074,-2876.0,1/6,-0.113,-2325.0,-0.025,465.0
M5,1.8,20,5.0,all,21437,-17131.0,0.89,33.4,-0.074,-17563.0,1/7,-0.104,-10618.0,-0.038,-6515.0
M5,1.8,20,flip,all,21437,-18298.0,0.88,33.4,-0.075,-18793.0,1/7,-0.102,-10523.0,-0.042,-7778.0
M5,1.8,10,2.0,all,21431,-18017.0,0.88,33.6,-0.079,-18597.0,1/7,-0.106,-9957.0,-0.047,-8066.0
M5,1.8,10,5.0,all,21431,-16272.0,0.89,33.2,-0.08,-16726.0,1/7,-0.116,-10532.0,-0.036,-5742.0
M5,1.8,10,3.0,all,21431,-17730.0,0.89,33.3,-0.08,-18315.0,1/7,-0.11,-10088.0,-0.043,-7644.0
M5,1.8,10,4.0,all,21431,-16168.0,0.9,33.2,-0.08,-16758.0,1/7,-0.115,-10559.0,-0.037,-5612.0
M5,1.8,10,flip,all,21431,-17982.0,0.88,33.2,-0.083,-18498.0,1/7,-0.115,-10471.0,-0.043,-7513.0
M5,1.2,10,flip,all,35398,-24116.0,0.88,33.2,-0.084,-25054.0,1/7,-0.114,-15089.0,-0.047,-9041.0
M5,1.2,10,5.0,all,35398,-24295.0,0.88,33.2,-0.085,-25136.0,1/7,-0.117,-15492.0,-0.046,-8817.0
M5,1.2,10,2.0,all,35398,-26692.0,0.87,33.5,-0.085,-28143.0,1/7,-0.112,-15460.0,-0.052,-11240.0
M5,1.2,10,3.0,all,35398,-25996.0,0.87,33.3,-0.086,-26852.0,1/7,-0.113,-15318.0,-0.051,-10694.0
M5,1.2,10,4.0,all,35398,-24987.0,0.88,33.2,-0.086,-25774.0,1/7,-0.116,-15582.0,-0.047,-9420.0
